id,estimated_arrival,estimated_departure,estimated_distance,estimated_driving_duration,estimated_service_duration,estimation_type,index,location_id,transport_id
dbff8217-a591-4ab5-a877-08d9bf472fc2,2025-04-03T16:24:00+00:00,2025-04-03T16:44:00+00:00,0.0,0.0,20.0,osrm,0,f406e675-253c-484d-8c5f-da34ec9eb3b5,f1678bbd-d7e7-447d-992a-cb4b7d7117cb
e1393b0f-684c-4936-ba90-aa419228354d,2025-04-03T18:00:00+00:00,2025-04-03T18:30:00+00:00,96.0,76.0,30.0,osrm,1,01c1c25d-9080-4a7b-8168-9c90c2eda26d,f1678bbd-d7e7-447d-992a-cb4b7d7117cb
dd939eda-156b-4aeb-9422-78c55e454663,2025-04-04T16:24:00+00:00,2025-04-04T16:44:00+00:00,0.0,0.0,20.0,osrm,0,f406e675-253c-484d-8c5f-da34ec9eb3b5,64f31b1b-bf5c-4f7b-82f3-d3d5ffd54029
98d53b83-3c0c-428e-bc83-1d60fd8aac5e,2025-04-04T18:00:00+00:00,2025-04-04T18:30:00+00:00,96.0,76.0,30.0,osrm,1,01c1c25d-9080-4a7b-8168-9c90c2eda26d,64f31b1b-bf5c-4f7b-82f3-d3d5ffd54029
371ebd6e-dc1a-4a73-9a6b-a9ef1e9a13f8,2025-03-28T19:00:00+00:00,2025-03-28T19:30:00+00:00,96.0,75.0,30.0,osrm,1,5c1ac882-87f0-466b-bf49-914a38930821,6ba1ddc7-2633-46d9-ac53-5b2e93113606
aa59b121-f8fc-4aea-a6fb-529f0248fb99,2025-03-28T17:25:00+00:00,2025-03-28T17:45:00+00:00,0.0,0.0,20.0,osrm,0,f406e675-253c-484d-8c5f-da34ec9eb3b5,6ba1ddc7-2633-46d9-ac53-5b2e93113606
0945166b-762d-4d6c-8acd-2f2f9b36d671,2025-03-28T17:25:00+00:00,2025-03-28T17:45:00+00:00,0.0,0.0,20.0,osrm,0,f406e675-253c-484d-8c5f-da34ec9eb3b5,1757c906-a5e8-4b6b-bf8a-a9199d849a7a
d332d8d9-5962-4d4e-b6f8-64a4eb1728a5,2025-03-28T19:00:00+00:00,2025-03-28T19:30:00+00:00,96.0,75.0,30.0,osrm,1,5c1ac882-87f0-466b-bf49-914a38930821,1757c906-a5e8-4b6b-bf8a-a9199d849a7a
4eafb830-34fe-4f4b-85e7-56a821471149,2025-03-28T19:00:00+00:00,2025-03-28T19:30:00+00:00,96.0,75.0,30.0,osrm,1,5c1ac882-87f0-466b-bf49-914a38930821,41fefa9f-0865-43a9-b1c0-726e2e846d9f
038980d1-3064-4d90-b59d-da40c241ad1c,2025-03-28T17:25:00+00:00,2025-03-28T17:45:00+00:00,0.0,0.0,20.0,osrm,0,f406e675-253c-484d-8c5f-da34ec9eb3b5,41fefa9f-0865-43a9-b1c0-726e2e846d9f
85b391be-845b-4680-9ed4-39298288ec4a,2025-03-28T17:25:00+00:00,2025-03-28T17:45:00+00:00,0.0,0.0,20.0,osrm,0,f406e675-253c-484d-8c5f-da34ec9eb3b5,8d78e36d-89a7-480c-98d9-e5388e93068a
d180c2f3-6264-4bb0-91cc-c4044c228649,2025-03-28T19:00:00+00:00,2025-03-28T19:30:00+00:00,96.0,75.0,30.0,osrm,1,5c1ac882-87f0-466b-bf49-914a38930821,8d78e36d-89a7-480c-98d9-e5388e93068a
4046d03d-8fff-47db-ad50-ee7ac263e70d,2025-04-02T16:30:00+00:00,2025-04-02T16:50:00+00:00,0.0,0.0,20.0,osrm,0,f406e675-253c-484d-8c5f-da34ec9eb3b5,4d10ef40-fdba-49b2-b3f1-b00c2e3ecd4f
3eb98200-819c-4c18-a481-2bcd474f0b0a,2025-04-02T18:00:00+00:00,2025-04-02T18:30:00+00:00,87.0,70.0,30.0,osrm,1,b0590390-bc00-43ac-bbb1-ff8c75c09d62,4d10ef40-fdba-49b2-b3f1-b00c2e3ecd4f
981fd585-33a4-4c44-8443-2becd6a0fecb,2025-03-28T17:16:00+00:00,2025-03-28T17:36:00+00:00,0.0,0.0,20.0,osrm,0,f406e675-253c-484d-8c5f-da34ec9eb3b5,dfeead42-f94e-4a2a-824e-8b58a24ff85e
6613e870-b1fc-440d-9798-6a6df4b359bb,2025-03-28T19:00:00+00:00,2025-03-28T19:30:00+00:00,110.0,84.0,30.0,osrm,1,2fd2cd6b-b813-4cb7-9fa6-e98f0c0be8e1,dfeead42-f94e-4a2a-824e-8b58a24ff85e
04bcd442-2cf6-4405-8f5b-6f0d90fde940,2025-03-28T17:16:00+00:00,2025-03-28T17:36:00+00:00,0.0,0.0,20.0,osrm,0,f406e675-253c-484d-8c5f-da34ec9eb3b5,e47a451e-bfb9-4e45-8ab2-1c2314900837
d67263bd-595b-4dfd-a0f6-93be2428d24b,2025-03-28T19:00:00+00:00,2025-03-28T19:30:00+00:00,110.0,84.0,30.0,osrm,1,2fd2cd6b-b813-4cb7-9fa6-e98f0c0be8e1,e47a451e-bfb9-4e45-8ab2-1c2314900837
3be9ac9d-491f-4aaa-b15c-18afaa95ac2b,2025-03-31T16:24:00+00:00,2025-03-31T16:44:00+00:00,0.0,0.0,20.0,osrm,0,f406e675-253c-484d-8c5f-da34ec9eb3b5,792aa004-923c-44ab-9d7d-edc014a55dad
de8b57bc-c43f-4394-a3d4-6e33344054da,2025-03-31T18:00:00+00:00,2025-03-31T18:30:00+00:00,96.0,76.0,30.0,osrm,1,01c1c25d-9080-4a7b-8168-9c90c2eda26d,792aa004-923c-44ab-9d7d-edc014a55dad
fb305b14-55ad-4df2-8666-d6a1b06dbc7f,2025-03-31T18:00:00+00:00,2025-03-31T18:30:00+00:00,96.0,76.0,30.0,osrm,1,01c1c25d-9080-4a7b-8168-9c90c2eda26d,459b16d9-c40b-4ba8-ab31-39dbbf3fff03
30b479e1-8657-41bc-8e9a-b6b916ebfc67,2025-03-31T16:24:00+00:00,2025-03-31T16:44:00+00:00,0.0,0.0,20.0,osrm,0,f406e675-253c-484d-8c5f-da34ec9eb3b5,459b16d9-c40b-4ba8-ab31-39dbbf3fff03
e35c1bc9-24cf-41d8-ad73-e73216739732,2025-03-31T16:24:00+00:00,2025-03-31T16:44:00+00:00,0.0,0.0,20.0,osrm,0,f406e675-253c-484d-8c5f-da34ec9eb3b5,f36e3ca7-c1fa-4793-9114-fd4072f02217
4a83f6f6-91a5-4821-abf2-363625024218,2025-03-31T18:00:00+00:00,2025-03-31T18:30:00+00:00,96.0,76.0,30.0,osrm,1,01c1c25d-9080-4a7b-8168-9c90c2eda26d,f36e3ca7-c1fa-4793-9114-fd4072f02217
bd7e38ef-ac99-4ed0-b8d4-d381adec9672,2025-03-28T19:00:00+00:00,2025-03-28T19:30:00+00:00,96.0,76.0,30.0,osrm,1,01c1c25d-9080-4a7b-8168-9c90c2eda26d,a70328d6-cb8b-4298-a32f-294379bb2d72
e6792bd9-50ba-45ab-b6e9-35b1ac950597,2025-03-28T17:24:00+00:00,2025-03-28T17:44:00+00:00,0.0,0.0,20.0,osrm,0,f406e675-253c-484d-8c5f-da34ec9eb3b5,a70328d6-cb8b-4298-a32f-294379bb2d72
0ed44f53-93b6-4f1f-9398-d72cac581ceb,2025-04-01T01:09:00+00:00,2025-04-01T01:39:00+00:00,320.0,211.0,30.0,osrm,1,75f42985-6007-4859-9d04-62c4e34342d7,b7880fa9-0f2f-4af6-a2c9-ac6459d00bfe
1ca2a98d-accf-4357-bc2e-7d80d33c5cdc,2025-04-01T09:32:00+00:00,2025-04-01T10:02:00+00:00,232.0,182.0,30.0,osrm,3,ebcf34ed-2f94-4676-af54-629e432e336a,b7880fa9-0f2f-4af6-a2c9-ac6459d00bfe
99601c7b-5b75-4241-93e3-be72230469cf,2025-04-01T06:00:00+00:00,2025-04-01T06:30:00+00:00,25.0,20.0,30.0,osrm,2,5f6878ea-fa2e-49f4-ae89-59d90b13d86f,b7880fa9-0f2f-4af6-a2c9-ac6459d00bfe
d39084eb-645d-4f11-9ce2-e00ad29820cd,2025-04-01T01:09:00+00:00,2025-04-01T01:39:00+00:00,0.0,0.0,30.0,osrm,0,b0590390-bc00-43ac-bbb1-ff8c75c09d62,b7880fa9-0f2f-4af6-a2c9-ac6459d00bfe
b6675111-9a30-446c-adcb-ee6decae1301,2025-04-01T00:09:00+00:00,2025-04-01T00:39:00+00:00,0.0,0.0,30.0,osrm,0,b0590390-bc00-43ac-bbb1-ff8c75c09d62,5efb925d-05b3-4ac3-80e4-167df93c50d2
152814fa-f729-400d-84a2-4f71358c0370,2025-04-01T00:09:00+00:00,2025-04-01T00:39:00+00:00,320.0,211.0,30.0,osrm,1,75f42985-6007-4859-9d04-62c4e34342d7,5efb925d-05b3-4ac3-80e4-167df93c50d2
925bc80c-621b-43f8-b144-84978ccf7ed9,2025-04-01T08:34:00+00:00,2025-04-01T09:04:00+00:00,236.0,184.0,30.0,osrm,3,334c0148-0a31-4352-9b66-93b49dd2e6b3,5efb925d-05b3-4ac3-80e4-167df93c50d2
25764b07-9312-4500-a06e-2e7d2bda54ee,2025-04-01T05:00:00+00:00,2025-04-01T05:30:00+00:00,25.0,20.0,30.0,osrm,2,5f6878ea-fa2e-49f4-ae89-59d90b13d86f,5efb925d-05b3-4ac3-80e4-167df93c50d2
976476e0-7b80-487a-8f95-86e2a870ba1f,2025-03-31T10:00:00+00:00,2025-03-31T10:30:00+00:00,232.0,179.0,30.0,osrm,1,b46c279b-f30d-4c9e-9f15-e6e025a02ddf,967ee83f-eec1-45bc-b756-2554d5b212fd
ac71221f-9e47-4d47-924e-782ce9a03362,2025-03-31T06:46:00+00:00,2025-03-31T07:01:00+00:00,0.0,0.0,15.0,osrm,0,4434befd-0803-4739-ac6e-ae39615fee7b,967ee83f-eec1-45bc-b756-2554d5b212fd
ffd22716-28fc-4420-8a6e-ea8c39ad3525,2025-03-27T23:00:00+00:00,2025-03-27T23:30:00+00:00,202.0,158.0,30.0,osrm,1,c9fbe7b4-e327-4a02-9abb-b0fbea38f049,4b84e0ed-74f7-49a8-8a79-2850a4ae300a
51df9486-852c-49ad-a8e6-2f696f3105c7,2025-03-27T20:07:00+00:00,2025-03-27T20:22:00+00:00,0.0,0.0,15.0,osrm,0,4434befd-0803-4739-ac6e-ae39615fee7b,4b84e0ed-74f7-49a8-8a79-2850a4ae300a
3d1942c0-56ec-4766-b71c-baefbb835fca,2025-03-28T14:00:00+00:00,2025-03-28T14:30:00+00:00,202.0,158.0,30.0,osrm,1,c9fbe7b4-e327-4a02-9abb-b0fbea38f049,3125c1a8-1a6a-45ca-9313-70feea9f6f5f
555b54df-3c53-45ce-93fb-473136feda3c,2025-03-28T11:07:00+00:00,2025-03-28T11:22:00+00:00,0.0,0.0,15.0,osrm,0,4434befd-0803-4739-ac6e-ae39615fee7b,3125c1a8-1a6a-45ca-9313-70feea9f6f5f
d1014fd2-601a-4e65-bbf6-f77556ee28e0,2025-03-27T23:00:00+00:00,2025-03-27T23:30:00+00:00,202.0,158.0,30.0,osrm,1,c9fbe7b4-e327-4a02-9abb-b0fbea38f049,e7b4b05d-f8ce-437d-88b6-2a3e15a79647
bdcb60f7-69a0-4c3c-b595-443d676fb067,2025-03-27T20:07:00+00:00,2025-03-27T20:22:00+00:00,0.0,0.0,15.0,osrm,0,4434befd-0803-4739-ac6e-ae39615fee7b,e7b4b05d-f8ce-437d-88b6-2a3e15a79647
df3e0efa-ac07-4b2d-b7f4-aa1945305025,2025-03-27T23:00:00+00:00,2025-03-27T23:30:00+00:00,202.0,158.0,30.0,osrm,1,c9fbe7b4-e327-4a02-9abb-b0fbea38f049,3b14bc39-fe70-473a-8ae3-e2b110460241
6ff26bf7-4158-4374-aea0-54160bad7922,2025-03-27T20:07:00+00:00,2025-03-27T20:22:00+00:00,0.0,0.0,15.0,osrm,0,4434befd-0803-4739-ac6e-ae39615fee7b,3b14bc39-fe70-473a-8ae3-e2b110460241
50f719a8-1b74-4137-b1e4-94c4666acb84,2025-03-27T20:07:00+00:00,2025-03-27T20:22:00+00:00,0.0,0.0,15.0,osrm,0,4434befd-0803-4739-ac6e-ae39615fee7b,e6a31505-8263-4413-b4f6-89d2a891d82a
e3ccb451-dc59-4fea-8877-980f7553fbdd,2025-03-27T23:00:00+00:00,2025-03-27T23:30:00+00:00,202.0,158.0,30.0,osrm,1,c9fbe7b4-e327-4a02-9abb-b0fbea38f049,e6a31505-8263-4413-b4f6-89d2a891d82a
58b583ee-a290-47e3-835f-c71052690e2b,2025-03-27T23:00:00+00:00,2025-03-27T23:30:00+00:00,202.0,158.0,30.0,osrm,1,c9fbe7b4-e327-4a02-9abb-b0fbea38f049,aad8e4d8-a2cc-4b46-b1dd-38bbd1dd1022
24aa736b-c313-4de0-b6b9-560632aaeaa8,2025-03-27T20:07:00+00:00,2025-03-27T20:22:00+00:00,0.0,0.0,15.0,osrm,0,4434befd-0803-4739-ac6e-ae39615fee7b,aad8e4d8-a2cc-4b46-b1dd-38bbd1dd1022
912f398f-aaba-4ecf-8bb6-700c85da9862,2025-03-27T23:00:00+00:00,2025-03-27T23:30:00+00:00,202.0,158.0,30.0,osrm,1,c9fbe7b4-e327-4a02-9abb-b0fbea38f049,748bb3f1-b172-4195-b7c5-7e4a4b65f761
806c66d3-39c7-4db6-8a67-2e8e5aa67fdb,2025-03-27T20:07:00+00:00,2025-03-27T20:22:00+00:00,0.0,0.0,15.0,osrm,0,4434befd-0803-4739-ac6e-ae39615fee7b,748bb3f1-b172-4195-b7c5-7e4a4b65f761
96d36a81-b646-4171-b0a9-1c10073ff96e,2025-03-27T22:45:00+00:00,2025-03-27T23:00:00+00:00,0.0,0.0,15.0,osrm,0,4434befd-0803-4739-ac6e-ae39615fee7b,338fe30e-e8ad-471b-890e-ed09b49f1d59
e39c4e01-b671-4ed4-b3b3-1b128dd3cfd8,2025-03-28T01:38:00+00:00,2025-03-28T02:08:00+00:00,202.0,158.0,30.0,osrm,1,c9fbe7b4-e327-4a02-9abb-b0fbea38f049,338fe30e-e8ad-471b-890e-ed09b49f1d59
d1fe1a1e-53aa-4510-a6b9-b027ec8787a7,2025-03-27T22:45:00+00:00,2025-03-27T23:00:00+00:00,0.0,0.0,15.0,osrm,0,4434befd-0803-4739-ac6e-ae39615fee7b,10a15238-5184-4608-bc6f-73ddbfca2a0c
37e000d6-a7e1-4295-8889-a6f57798738a,2025-03-28T01:38:00+00:00,2025-03-28T02:08:00+00:00,202.0,158.0,30.0,osrm,1,c9fbe7b4-e327-4a02-9abb-b0fbea38f049,10a15238-5184-4608-bc6f-73ddbfca2a0c
350a3803-c353-41c5-bf69-d566b6741d1d,2025-03-27T23:00:00+00:00,2025-03-27T23:30:00+00:00,202.0,158.0,30.0,osrm,1,c9fbe7b4-e327-4a02-9abb-b0fbea38f049,64789602-e419-4ccc-8d1c-f4452ee62e51
ed7fbbd7-23c8-4541-b12f-10ba186699b4,2025-03-27T20:07:00+00:00,2025-03-27T20:22:00+00:00,0.0,0.0,15.0,osrm,0,4434befd-0803-4739-ac6e-ae39615fee7b,64789602-e419-4ccc-8d1c-f4452ee62e51
8e036c24-c6ff-4542-a694-de60fbefb40e,2025-03-27T22:45:00+00:00,2025-03-27T23:00:00+00:00,0.0,0.0,15.0,osrm,0,4434befd-0803-4739-ac6e-ae39615fee7b,0a6f8424-08a1-4e8e-9b23-4e1988fefd87
5b25569d-fc94-47c8-89c4-ea9dd2098673,2025-03-28T01:38:00+00:00,2025-03-28T02:08:00+00:00,202.0,158.0,30.0,osrm,1,c9fbe7b4-e327-4a02-9abb-b0fbea38f049,0a6f8424-08a1-4e8e-9b23-4e1988fefd87
13207059-b344-4807-8f4a-f8f462ca8e22,2025-03-28T01:38:00+00:00,2025-03-28T02:08:00+00:00,202.0,158.0,30.0,osrm,1,c9fbe7b4-e327-4a02-9abb-b0fbea38f049,2c4949dc-c13b-4e51-b909-691c0f3888e4
9b2446ed-9de7-4955-b900-55880caa474f,2025-03-27T22:45:00+00:00,2025-03-27T23:00:00+00:00,0.0,0.0,15.0,osrm,0,4434befd-0803-4739-ac6e-ae39615fee7b,2c4949dc-c13b-4e51-b909-691c0f3888e4
2d7dc128-642e-4b5d-b14e-240f6b07afaa,2025-03-28T17:24:00+00:00,2025-03-28T17:44:00+00:00,0.0,0.0,20.0,osrm,0,f406e675-253c-484d-8c5f-da34ec9eb3b5,b409e2a0-bd57-498b-bcc0-54b8cf6d6f49
aea65d98-d83d-4133-8cc2-ed219e0db314,2025-03-28T19:00:00+00:00,2025-03-28T19:30:00+00:00,96.0,76.0,30.0,osrm,1,cdfd59e3-c2d4-4077-9b42-ab999bb08d4f,b409e2a0-bd57-498b-bcc0-54b8cf6d6f49
4353b0d3-3ee9-49d4-a66c-4ae228b50191,2025-03-28T19:00:00+00:00,2025-03-28T19:30:00+00:00,96.0,76.0,30.0,osrm,1,cdfd59e3-c2d4-4077-9b42-ab999bb08d4f,e796b566-17e4-4944-9238-ae4097ab4b1c
dc29d665-85f9-4b6f-90d0-212fdf574ff0,2025-03-28T17:24:00+00:00,2025-03-28T17:44:00+00:00,0.0,0.0,20.0,osrm,0,f406e675-253c-484d-8c5f-da34ec9eb3b5,e796b566-17e4-4944-9238-ae4097ab4b1c
b006efa7-d5f8-434a-8203-cd957c5ef2c6,2025-03-28T17:24:00+00:00,2025-03-28T17:44:00+00:00,0.0,0.0,20.0,osrm,0,f406e675-253c-484d-8c5f-da34ec9eb3b5,c4f8b1b3-2978-43e7-9b5d-e1ec5ba4101b
eb700a1b-cfcd-43e2-b97a-73f0335fd74b,2025-03-28T19:00:00+00:00,2025-03-28T19:30:00+00:00,96.0,76.0,30.0,osrm,1,cdfd59e3-c2d4-4077-9b42-ab999bb08d4f,c4f8b1b3-2978-43e7-9b5d-e1ec5ba4101b
7e60bbab-cba3-47a7-89e6-540402f281a8,2025-03-28T17:24:00+00:00,2025-03-28T17:44:00+00:00,0.0,0.0,20.0,osrm,0,f406e675-253c-484d-8c5f-da34ec9eb3b5,1d810a41-6174-4028-9dc4-1f96e1da19fe
45fed74a-31bb-4774-9ce9-057a64d9d019,2025-03-28T19:00:00+00:00,2025-03-28T19:30:00+00:00,96.0,76.0,30.0,osrm,1,cdfd59e3-c2d4-4077-9b42-ab999bb08d4f,1d810a41-6174-4028-9dc4-1f96e1da19fe
5b89cf5e-b451-416a-8ff5-1e72635acf4f,2025-03-27T22:21:00+00:00,2025-03-27T22:41:00+00:00,0.0,0.0,20.0,osrm,0,f406e675-253c-484d-8c5f-da34ec9eb3b5,1d2f6f5b-16f3-46c0-906e-ff44bf337a19
4bc8795c-f901-4ee8-961f-7554ed46b570,2025-03-27T23:00:00+00:00,2025-03-27T23:30:00+00:00,21.0,19.0,30.0,osrm,1,3ecdb5f8-93a6-4e09-bf56-666fbd6b9bc5,1d2f6f5b-16f3-46c0-906e-ff44bf337a19
f32fa9d3-4af0-4fbe-86da-eef2780355c9,2025-03-28T19:00:00+00:00,2025-03-28T19:30:00+00:00,96.0,75.0,30.0,osrm,1,5c1ac882-87f0-466b-bf49-914a38930821,6dad74ab-0ced-450e-b165-4a8868c6feca
d1a981fa-936b-492d-8997-9fedab091a70,2025-03-28T17:25:00+00:00,2025-03-28T17:45:00+00:00,0.0,0.0,20.0,osrm,0,f406e675-253c-484d-8c5f-da34ec9eb3b5,6dad74ab-0ced-450e-b165-4a8868c6feca
10e8182e-bc12-477a-b394-f8614513171b,2025-03-28T17:25:00+00:00,2025-03-28T17:45:00+00:00,0.0,0.0,20.0,osrm,0,f406e675-253c-484d-8c5f-da34ec9eb3b5,4c5cfd1b-a313-4603-bff4-f87a4a72b288
5f59139b-5fea-4d41-8e1e-b26e1c6d41a2,2025-03-28T19:00:00+00:00,2025-03-28T19:30:00+00:00,96.0,75.0,30.0,osrm,1,5c1ac882-87f0-466b-bf49-914a38930821,4c5cfd1b-a313-4603-bff4-f87a4a72b288
42a9db4f-925d-4800-9658-d0eef4b17add,2025-03-31T18:00:00+00:00,2025-03-31T18:30:00+00:00,110.0,84.0,30.0,osrm,1,2fd2cd6b-b813-4cb7-9fa6-e98f0c0be8e1,ec6a3d62-0cee-4403-a783-f193037535b8
60cb0723-b11a-4dc4-b29b-74d3944cc8d2,2025-03-31T16:16:00+00:00,2025-03-31T16:36:00+00:00,0.0,0.0,20.0,osrm,0,f406e675-253c-484d-8c5f-da34ec9eb3b5,ec6a3d62-0cee-4403-a783-f193037535b8
a82663cd-a0bf-490f-ae45-1a80667afe28,2025-03-28T15:00:00+00:00,2025-03-28T15:30:00+00:00,202.0,158.0,30.0,osrm,1,c9fbe7b4-e327-4a02-9abb-b0fbea38f049,84d88c72-2ecc-4e2a-9d33-d540d1243c97
2c48edf0-7e7e-4d94-bdfd-f795bfd57803,2025-03-28T12:07:00+00:00,2025-03-28T12:22:00+00:00,0.0,0.0,15.0,osrm,0,4434befd-0803-4739-ac6e-ae39615fee7b,84d88c72-2ecc-4e2a-9d33-d540d1243c97
153eb090-9568-44c6-903d-6c221cdfbb7a,2025-03-28T12:07:00+00:00,2025-03-28T12:22:00+00:00,0.0,0.0,15.0,osrm,0,4434befd-0803-4739-ac6e-ae39615fee7b,f49b3788-73de-4752-8af2-144abd4893f8
a1d7bac8-5550-4bb5-8f40-5ebdc62b6c73,2025-03-28T15:00:00+00:00,2025-03-28T15:30:00+00:00,202.0,158.0,30.0,osrm,1,c9fbe7b4-e327-4a02-9abb-b0fbea38f049,f49b3788-73de-4752-8af2-144abd4893f8
6b87e65f-ca3c-4d26-a469-409265d7610f,2025-03-28T12:07:00+00:00,2025-03-28T12:22:00+00:00,0.0,0.0,15.0,osrm,0,4434befd-0803-4739-ac6e-ae39615fee7b,082d5d72-e3e1-4051-99fa-6d480002a6af
30cd2467-49da-48be-b93f-5e85c92132d9,2025-03-28T15:00:00+00:00,2025-03-28T15:30:00+00:00,202.0,158.0,30.0,osrm,1,c9fbe7b4-e327-4a02-9abb-b0fbea38f049,082d5d72-e3e1-4051-99fa-6d480002a6af
ba1f87b4-06fb-4117-82d5-e79f48c42ebc,2025-04-01T16:30:00+00:00,2025-04-01T16:50:00+00:00,0.0,0.0,20.0,osrm,0,f406e675-253c-484d-8c5f-da34ec9eb3b5,a02cb98e-9814-4e00-8bc5-259909e4d90a
de029c6b-9f0b-4a2f-b1ba-8179f290e871,2025-04-01T18:00:00+00:00,2025-04-01T18:30:00+00:00,87.0,70.0,30.0,osrm,1,b0590390-bc00-43ac-bbb1-ff8c75c09d62,a02cb98e-9814-4e00-8bc5-259909e4d90a
2cb8aede-395e-4b2e-8b7e-0064ef381e6c,2025-03-31T12:34:00+00:00,2025-03-31T12:54:00+00:00,40.0,34.0,20.0,osrm,1,f406e675-253c-484d-8c5f-da34ec9eb3b5,405c7f05-0733-41a9-99be-712793e00248
48f5a34b-350e-4606-adc3-7e460966eca6,2025-03-31T11:30:00+00:00,2025-03-31T12:00:00+00:00,0.0,0.0,30.0,osrm,0,47ac359e-1ace-4dac-b386-333a27c582e5,405c7f05-0733-41a9-99be-712793e00248
72a02917-89cc-4824-9071-fd2446dffd82,2025-03-31T09:30:00+00:00,2025-03-31T10:00:00+00:00,0.0,0.0,30.0,osrm,0,47ac359e-1ace-4dac-b386-333a27c582e5,5cb3ef4d-3b72-47d4-a5e4-02ff549dc356
cf978ef3-9488-4097-bbac-fc0fbcb147eb,2025-03-31T10:34:00+00:00,2025-03-31T10:54:00+00:00,40.0,34.0,20.0,osrm,1,f406e675-253c-484d-8c5f-da34ec9eb3b5,5cb3ef4d-3b72-47d4-a5e4-02ff549dc356
3b91de8e-bd20-431a-99bd-3520e882f1ac,2025-03-28T12:34:00+00:00,2025-03-28T12:54:00+00:00,40.0,34.0,20.0,osrm,1,f406e675-253c-484d-8c5f-da34ec9eb3b5,0e96863b-0fb5-4464-92a3-158bdc97f4ec
969ee98d-997f-4e44-ba0e-c6b375dcd7b1,2025-03-28T11:30:00+00:00,2025-03-28T12:00:00+00:00,0.0,0.0,30.0,osrm,0,47ac359e-1ace-4dac-b386-333a27c582e5,0e96863b-0fb5-4464-92a3-158bdc97f4ec
19033b9c-82a9-4a66-9db9-07a35ae241d3,2025-03-31T09:34:00+00:00,2025-03-31T09:54:00+00:00,40.0,34.0,20.0,osrm,1,f406e675-253c-484d-8c5f-da34ec9eb3b5,799d138a-9ebb-4f8b-a45b-19b37f88756f
8781122c-95f7-4fb9-865d-b97bba5888b3,2025-03-31T08:30:00+00:00,2025-03-31T09:00:00+00:00,0.0,0.0,30.0,osrm,0,47ac359e-1ace-4dac-b386-333a27c582e5,799d138a-9ebb-4f8b-a45b-19b37f88756f
70b1bdc2-3f4d-4a57-9ea1-932d96097b71,2025-03-28T12:30:00+00:00,2025-03-28T13:00:00+00:00,0.0,0.0,30.0,osrm,0,47ac359e-1ace-4dac-b386-333a27c582e5,d9757833-dbf3-4173-836d-71770831117e
5ab86cf5-33f0-4183-9121-f95958b11409,2025-03-28T13:34:00+00:00,2025-03-28T13:54:00+00:00,40.0,34.0,20.0,osrm,1,f406e675-253c-484d-8c5f-da34ec9eb3b5,d9757833-dbf3-4173-836d-71770831117e
b3bf99f5-9d43-421e-b580-7b821d2c77cf,2025-03-28T12:30:00+00:00,2025-03-28T13:00:00+00:00,0.0,0.0,30.0,osrm,0,47ac359e-1ace-4dac-b386-333a27c582e5,e9200cf1-a27a-478b-8ccb-cb52c87bb304
ceddbabc-e32b-42b9-a863-e990d694ef69,2025-03-28T13:34:00+00:00,2025-03-28T13:54:00+00:00,40.0,34.0,20.0,osrm,1,f406e675-253c-484d-8c5f-da34ec9eb3b5,e9200cf1-a27a-478b-8ccb-cb52c87bb304
2332427d-c54c-4e61-9fd7-ae5371441892,2025-03-28T13:34:00+00:00,2025-03-28T13:54:00+00:00,40.0,34.0,20.0,osrm,1,f406e675-253c-484d-8c5f-da34ec9eb3b5,5e18fdc1-cb01-4285-9a5f-af7e1ad38165
309a3892-e2d1-4923-ba1a-0c09528b1a6e,2025-03-28T12:30:00+00:00,2025-03-28T13:00:00+00:00,0.0,0.0,30.0,osrm,0,47ac359e-1ace-4dac-b386-333a27c582e5,5e18fdc1-cb01-4285-9a5f-af7e1ad38165
c3861e11-6ed4-464a-9e68-8b860a997ee4,2025-03-31T12:30:00+00:00,2025-03-31T13:00:00+00:00,0.0,0.0,30.0,osrm,0,47ac359e-1ace-4dac-b386-333a27c582e5,44060787-a6d4-420a-9947-ea53dea47cbb
28e7aaec-1821-48e9-9d4a-57a85a7d857d,2025-03-31T13:34:00+00:00,2025-03-31T13:54:00+00:00,40.0,34.0,20.0,osrm,1,f406e675-253c-484d-8c5f-da34ec9eb3b5,44060787-a6d4-420a-9947-ea53dea47cbb
09209faa-3cff-4d5b-b7fc-9d050d16afae,2025-03-31T18:00:00+00:00,2025-03-31T18:30:00+00:00,96.0,76.0,30.0,osrm,1,01c1c25d-9080-4a7b-8168-9c90c2eda26d,05b9f2b5-fc08-46e2-b850-773cce4109ad
c31e5cfa-5dac-4871-b90e-e17d7a67fab4,2025-03-31T16:24:00+00:00,2025-03-31T16:44:00+00:00,0.0,0.0,20.0,osrm,0,f406e675-253c-484d-8c5f-da34ec9eb3b5,05b9f2b5-fc08-46e2-b850-773cce4109ad
5ed89b58-ad9e-4d01-820c-47f2637259c2,2025-03-31T11:34:00+00:00,2025-03-31T11:54:00+00:00,40.0,34.0,20.0,osrm,1,f406e675-253c-484d-8c5f-da34ec9eb3b5,a3bc63ad-1518-4a4d-9c95-d908e3e9404e
f176e4a4-dc1a-4268-bc15-b35e355d1378,2025-03-31T10:30:00+00:00,2025-03-31T11:00:00+00:00,0.0,0.0,30.0,osrm,0,47ac359e-1ace-4dac-b386-333a27c582e5,a3bc63ad-1518-4a4d-9c95-d908e3e9404e
4e46f99c-ade2-49c4-972e-4f58cdf34198,2025-03-31T13:00:00+00:00,2025-03-31T13:30:00+00:00,202.0,156.0,30.0,osrm,1,8918958f-4721-4307-ba7b-21e22d1eb338,df682f04-34af-49f7-b8d0-decc95a0f2d0
01d1c5af-fbc9-49c4-98bf-89193fae36d0,2025-03-31T10:09:00+00:00,2025-03-31T10:24:00+00:00,0.0,0.0,15.0,osrm,0,4434befd-0803-4739-ac6e-ae39615fee7b,df682f04-34af-49f7-b8d0-decc95a0f2d0
09a3c426-127c-40bd-8e54-7ba34dc92c89,2025-03-28T17:25:00+00:00,2025-03-28T17:45:00+00:00,0.0,0.0,20.0,osrm,0,f406e675-253c-484d-8c5f-da34ec9eb3b5,7c826484-f53b-4ce8-9156-b3de718b2123
c4eb02a1-e75f-4043-a7c2-60cae42e7d6c,2025-03-28T19:00:00+00:00,2025-03-28T19:30:00+00:00,96.0,75.0,30.0,osrm,1,5c1ac882-87f0-466b-bf49-914a38930821,7c826484-f53b-4ce8-9156-b3de718b2123
07f0084e-f8d7-42a9-aa84-b7e27956d5d2,2025-04-01T16:12:00+00:00,2025-04-01T16:32:00+00:00,0.0,0.0,20.0,osrm,0,f406e675-253c-484d-8c5f-da34ec9eb3b5,940ec228-4231-443b-8155-175a45f83823
44922702-fcd9-4bfd-9036-ab7159b92011,2025-04-01T18:00:00+00:00,2025-04-01T18:30:00+00:00,117.0,88.0,30.0,osrm,1,40f5fa2b-d65b-49d3-8498-6013437780c6,940ec228-4231-443b-8155-175a45f83823
3897ef3e-52ff-4fd0-b2e6-deb7174084f7,2025-04-02T16:30:00+00:00,2025-04-02T16:50:00+00:00,0.0,0.0,20.0,osrm,0,f406e675-253c-484d-8c5f-da34ec9eb3b5,34ea8bed-0049-4b7c-bfca-c1860b271523
7c852f98-1ab5-45db-b477-f3673d50efda,2025-04-02T18:00:00+00:00,2025-04-02T18:30:00+00:00,87.0,70.0,30.0,osrm,1,b0590390-bc00-43ac-bbb1-ff8c75c09d62,34ea8bed-0049-4b7c-bfca-c1860b271523
33ec82f3-4e57-4053-8e7e-3a26921cf9f1,2025-04-02T16:30:00+00:00,2025-04-02T16:50:00+00:00,0.0,0.0,20.0,osrm,0,f406e675-253c-484d-8c5f-da34ec9eb3b5,f0398503-fccd-4387-8a6b-052447c21e15
4c2d7c75-ea7a-4940-a6e1-0c3ad99d64f6,2025-04-02T18:00:00+00:00,2025-04-02T18:30:00+00:00,87.0,70.0,30.0,osrm,1,b0590390-bc00-43ac-bbb1-ff8c75c09d62,f0398503-fccd-4387-8a6b-052447c21e15
60154537-3c22-40d9-ac6c-df69bf26c7e5,2025-04-01T18:00:00+00:00,2025-04-01T18:30:00+00:00,117.0,88.0,30.0,osrm,1,40f5fa2b-d65b-49d3-8498-6013437780c6,14c6541f-022a-4f4f-8f8c-908127e5e1b6
680f692e-d888-4792-8cb5-3818ed92d8c7,2025-04-01T16:12:00+00:00,2025-04-01T16:32:00+00:00,0.0,0.0,20.0,osrm,0,f406e675-253c-484d-8c5f-da34ec9eb3b5,14c6541f-022a-4f4f-8f8c-908127e5e1b6
1607304d-30d4-4e1f-a7ca-4bc2056257ea,2025-04-02T16:30:00+00:00,2025-04-02T16:50:00+00:00,0.0,0.0,20.0,osrm,0,f406e675-253c-484d-8c5f-da34ec9eb3b5,8aab3db5-905b-404d-ab99-b63999e7a317
f4912b7f-87be-45f7-ba49-73696143a43b,2025-04-02T18:00:00+00:00,2025-04-02T18:30:00+00:00,87.0,70.0,30.0,osrm,1,b0590390-bc00-43ac-bbb1-ff8c75c09d62,8aab3db5-905b-404d-ab99-b63999e7a317
90fdc2f6-0a8e-45fd-98d1-60554bd89140,2025-03-28T19:00:00+00:00,2025-03-28T19:30:00+00:00,92.0,75.0,30.0,osrm,1,fcec31e0-05a6-48ef-9b07-670c12d1eb56,e4eb8441-2ddb-44c0-bc04-21bd053d99d5
8306ab49-2916-4e95-998d-94efc61a267b,2025-03-28T17:25:00+00:00,2025-03-28T17:45:00+00:00,0.0,0.0,20.0,osrm,0,f406e675-253c-484d-8c5f-da34ec9eb3b5,e4eb8441-2ddb-44c0-bc04-21bd053d99d5
2648dac8-65da-427b-a629-4ce9524eaf7e,2025-03-28T19:00:00+00:00,2025-03-28T19:30:00+00:00,92.0,75.0,30.0,osrm,1,fcec31e0-05a6-48ef-9b07-670c12d1eb56,acc11454-cba8-4c58-a585-80afb920874d
ffe3b6e2-cfbf-4db2-967f-63a6fb7b2df0,2025-03-28T17:25:00+00:00,2025-03-28T17:45:00+00:00,0.0,0.0,20.0,osrm,0,f406e675-253c-484d-8c5f-da34ec9eb3b5,acc11454-cba8-4c58-a585-80afb920874d
5ff5f07e-52ea-43b9-bc72-55dbbea2f454,2025-03-31T20:00:00+00:00,2025-03-31T20:30:00+00:00,36.0,30.0,30.0,osrm,1,2a12e75c-fadd-457f-a23d-1fb749b4140f,676ea5de-63fb-46c1-bda0-1fcdeefdee31
d1881f6c-7710-47c3-a7f3-81499d56df36,2025-03-31T19:10:00+00:00,2025-03-31T19:30:00+00:00,0.0,0.0,20.0,osrm,0,f406e675-253c-484d-8c5f-da34ec9eb3b5,676ea5de-63fb-46c1-bda0-1fcdeefdee31
d0a737b8-a354-4722-9444-540020ddad57,2025-03-31T19:10:00+00:00,2025-03-31T19:30:00+00:00,0.0,0.0,20.0,osrm,0,f406e675-253c-484d-8c5f-da34ec9eb3b5,464a1095-8c2c-41db-9f42-1aa69aa48a35
fefdc838-060d-4ce4-841c-5d785108ad17,2025-03-31T20:00:00+00:00,2025-03-31T20:30:00+00:00,36.0,30.0,30.0,osrm,1,2a12e75c-fadd-457f-a23d-1fb749b4140f,464a1095-8c2c-41db-9f42-1aa69aa48a35
8b44deaf-f0b3-413d-b0d8-2ec387f90482,2025-04-04T18:00:00+00:00,2025-04-04T18:30:00+00:00,110.0,84.0,30.0,osrm,1,2fd2cd6b-b813-4cb7-9fa6-e98f0c0be8e1,5249b419-54b2-4d87-9046-9daa92cdea3f
25d21cbe-037f-494c-97d9-421554001685,2025-04-04T16:16:00+00:00,2025-04-04T16:36:00+00:00,0.0,0.0,20.0,osrm,0,f406e675-253c-484d-8c5f-da34ec9eb3b5,5249b419-54b2-4d87-9046-9daa92cdea3f
c2babe40-cb0b-4040-b430-135eed3f26c3,2025-04-02T18:00:00+00:00,2025-04-02T18:30:00+00:00,87.0,70.0,30.0,osrm,1,b0590390-bc00-43ac-bbb1-ff8c75c09d62,4e69b604-ba09-4785-899c-9fc651c1d681
8fcb1707-1bdd-449a-9563-e23b296f5743,2025-04-02T16:30:00+00:00,2025-04-02T16:50:00+00:00,0.0,0.0,20.0,osrm,0,f406e675-253c-484d-8c5f-da34ec9eb3b5,4e69b604-ba09-4785-899c-9fc651c1d681
331ba28f-402b-4235-9dbd-f51b6426f410,2025-03-31T19:00:00+00:00,2025-03-31T19:30:00+00:00,96.0,76.0,30.0,osrm,1,01c1c25d-9080-4a7b-8168-9c90c2eda26d,1da1fcdb-71fb-42ac-a7b3-bcfb374093e1
3076e900-4748-4fe6-82de-48e3ca5ac75b,2025-03-31T17:24:00+00:00,2025-03-31T17:44:00+00:00,0.0,0.0,20.0,osrm,0,f406e675-253c-484d-8c5f-da34ec9eb3b5,1da1fcdb-71fb-42ac-a7b3-bcfb374093e1
0669e658-8893-4271-b0bc-e920543aa556,2025-04-02T16:30:00+00:00,2025-04-02T16:50:00+00:00,0.0,0.0,20.0,osrm,0,f406e675-253c-484d-8c5f-da34ec9eb3b5,23c1cd46-c599-4bd6-b24e-b2f651deda9c
5c974ef6-5e82-4be5-beb3-65983157ff72,2025-04-02T18:00:00+00:00,2025-04-02T18:30:00+00:00,87.0,70.0,30.0,osrm,1,b0590390-bc00-43ac-bbb1-ff8c75c09d62,23c1cd46-c599-4bd6-b24e-b2f651deda9c
cad6d014-8533-4b95-b2c2-68717de19c81,2025-04-02T18:00:00+00:00,2025-04-02T18:30:00+00:00,87.0,70.0,30.0,osrm,1,b0590390-bc00-43ac-bbb1-ff8c75c09d62,75f46617-3cdd-44e7-a02a-801b5df68fd1
411b8614-c20c-495a-a3fe-7f4e0dad7f75,2025-04-02T16:30:00+00:00,2025-04-02T16:50:00+00:00,0.0,0.0,20.0,osrm,0,f406e675-253c-484d-8c5f-da34ec9eb3b5,75f46617-3cdd-44e7-a02a-801b5df68fd1
fbe78808-3059-4268-9a7d-7eae6249ebc1,2025-04-02T18:00:00+00:00,2025-04-02T18:30:00+00:00,87.0,70.0,30.0,osrm,1,b0590390-bc00-43ac-bbb1-ff8c75c09d62,2241fd8b-d258-47a8-8f9f-908c5f542c36
8b233ee6-2af4-482e-aa07-da48c8b141e0,2025-04-02T16:30:00+00:00,2025-04-02T16:50:00+00:00,0.0,0.0,20.0,osrm,0,f406e675-253c-484d-8c5f-da34ec9eb3b5,2241fd8b-d258-47a8-8f9f-908c5f542c36
11a17b82-7eb0-4734-84b1-c54811987386,2025-03-28T17:16:00+00:00,2025-03-28T17:36:00+00:00,0.0,0.0,20.0,osrm,0,f406e675-253c-484d-8c5f-da34ec9eb3b5,857e7dc6-5bef-494d-85c7-f5d68c8c2871
b89eac82-4127-40c2-a3c1-46be410e1883,2025-03-28T19:00:00+00:00,2025-03-28T19:30:00+00:00,110.0,84.0,30.0,osrm,1,2fd2cd6b-b813-4cb7-9fa6-e98f0c0be8e1,857e7dc6-5bef-494d-85c7-f5d68c8c2871
8827447e-4315-4715-badc-ff81c788aac5,2025-04-02T14:02:00+00:00,2025-04-02T14:22:00+00:00,0.0,0.0,20.0,osrm,0,f406e675-253c-484d-8c5f-da34ec9eb3b5,df4efeb9-4e66-4601-995f-96ceabdc2ce7
bf8bc048-3b2a-488a-ace8-3aee8007ce10,2025-04-02T15:00:00+00:00,2025-04-02T15:30:00+00:00,46.0,38.0,30.0,osrm,1,e11cfcf6-4ee9-4357-983b-e0aff971577f,df4efeb9-4e66-4601-995f-96ceabdc2ce7
91e6e9e4-e0b5-47d8-aa4e-350a42c1429a,2025-03-31T22:18:00+00:00,2025-03-31T22:48:00+00:00,17.0,18.0,30.0,osrm,1,8c8ee582-c4d3-4a4c-aee7-9f61f848c0f1,8f55e974-9fba-4634-bbbb-51a5a87a0a5e
414ad915-b87f-41ae-9efe-ecd7b9da195b,2025-03-31T21:40:00+00:00,2025-03-31T22:00:00+00:00,0.0,0.0,20.0,osrm,0,f406e675-253c-484d-8c5f-da34ec9eb3b5,8f55e974-9fba-4634-bbbb-51a5a87a0a5e
a5d31ee0-3bd9-465c-98be-971e6e985206,2025-03-31T20:00:00+00:00,2025-03-31T20:30:00+00:00,96.0,76.0,30.0,osrm,1,01c1c25d-9080-4a7b-8168-9c90c2eda26d,115bfea2-0070-4b72-8d3b-0a452373f6d2
6f2b3634-a651-457a-b2c5-134b70660dba,2025-03-31T18:24:00+00:00,2025-03-31T18:44:00+00:00,0.0,0.0,20.0,osrm,0,f406e675-253c-484d-8c5f-da34ec9eb3b5,115bfea2-0070-4b72-8d3b-0a452373f6d2
dc915882-4380-471b-9ef4-bf683e4c9460,2025-03-31T12:12:00+00:00,2025-03-31T12:32:00+00:00,0.0,0.0,20.0,osrm,0,f406e675-253c-484d-8c5f-da34ec9eb3b5,37390c4a-d28e-458b-8893-ee36f6a672e2
2ff71822-ae6c-4ec4-8c83-890efb8b5c6f,2025-03-31T14:00:00+00:00,2025-03-31T14:30:00+00:00,117.0,88.0,30.0,osrm,1,40f5fa2b-d65b-49d3-8498-6013437780c6,37390c4a-d28e-458b-8893-ee36f6a672e2
2116985d-954e-4356-9811-25f7fda2f693,2025-03-28T21:00:00+00:00,2025-03-28T21:30:00+00:00,96.0,76.0,30.0,osrm,1,cdfd59e3-c2d4-4077-9b42-ab999bb08d4f,a2251b98-e787-4274-94fb-197111083db4
6ec8bfa0-c441-440d-8f0b-1d981949605c,2025-03-28T19:24:00+00:00,2025-03-28T19:44:00+00:00,0.0,0.0,20.0,osrm,0,f406e675-253c-484d-8c5f-da34ec9eb3b5,a2251b98-e787-4274-94fb-197111083db4
59267f15-45cb-4e11-b334-30336a9afc27,2025-04-02T16:24:00+00:00,2025-04-02T16:44:00+00:00,0.0,0.0,20.0,osrm,0,f406e675-253c-484d-8c5f-da34ec9eb3b5,fb5982d4-909a-4098-ac25-d2acf75517c7
c2a17dfd-745d-48a0-a586-5e557f52214c,2025-04-02T18:00:00+00:00,2025-04-02T18:30:00+00:00,96.0,76.0,30.0,osrm,1,01c1c25d-9080-4a7b-8168-9c90c2eda26d,fb5982d4-909a-4098-ac25-d2acf75517c7
bb24fa9f-d68a-42f9-a136-ece1121d0972,2025-04-02T16:24:00+00:00,2025-04-02T16:44:00+00:00,0.0,0.0,20.0,osrm,0,f406e675-253c-484d-8c5f-da34ec9eb3b5,700cfb51-bbd2-4f75-870e-b32ee9d16fb4
617609a9-e2dc-45c7-b829-7097b4c0cd96,2025-04-02T18:00:00+00:00,2025-04-02T18:30:00+00:00,96.0,76.0,30.0,osrm,1,01c1c25d-9080-4a7b-8168-9c90c2eda26d,700cfb51-bbd2-4f75-870e-b32ee9d16fb4
9d88d40a-c42f-406d-9862-d8649727f6e7,2025-03-31T21:40:00+00:00,2025-03-31T22:00:00+00:00,0.0,0.0,20.0,osrm,0,f406e675-253c-484d-8c5f-da34ec9eb3b5,3166fa45-e8d4-4d77-ad5d-25f7856fbc68
97e86a86-85d6-4f30-b15a-cbe41e067989,2025-03-31T22:38:00+00:00,2025-03-31T23:08:00+00:00,47.0,38.0,30.0,osrm,1,5303f9f3-bdbf-402d-b7a1-f2c77e17c8c1,3166fa45-e8d4-4d77-ad5d-25f7856fbc68
99a3f5e3-3127-4823-a1d9-4bcea2b8b1a5,2025-03-31T22:38:00+00:00,2025-03-31T23:08:00+00:00,47.0,38.0,30.0,osrm,1,5303f9f3-bdbf-402d-b7a1-f2c77e17c8c1,df24f7b5-148d-4ad3-93ee-256f1dd34d27
2e2055cc-834f-4fba-a608-89b8124f738e,2025-03-31T21:40:00+00:00,2025-03-31T22:00:00+00:00,0.0,0.0,20.0,osrm,0,f406e675-253c-484d-8c5f-da34ec9eb3b5,df24f7b5-148d-4ad3-93ee-256f1dd34d27
52e0ddb6-a95d-4559-ac29-a3bb4b59ea2b,2025-04-01T22:11:00+00:00,2025-04-01T22:41:00+00:00,11.0,11.0,30.0,osrm,1,f336f31c-0d6f-4ba6-b5ad-736f4bcb274c,1b01a25a-9456-458f-afc9-7fadd03bf928
d52e49a9-5a5e-49f3-a8d6-5b591fc9ee0e,2025-04-01T21:40:00+00:00,2025-04-01T22:00:00+00:00,0.0,0.0,20.0,osrm,0,f406e675-253c-484d-8c5f-da34ec9eb3b5,1b01a25a-9456-458f-afc9-7fadd03bf928
25a7c94f-c5b2-4d1f-a27e-a6884c078b39,2025-03-31T21:40:00+00:00,2025-03-31T22:00:00+00:00,0.0,0.0,20.0,osrm,0,f406e675-253c-484d-8c5f-da34ec9eb3b5,80f57aef-1151-4c21-a321-b3a17611f457
2aac912e-70a5-4737-8c2e-b45d9752be17,2025-03-31T22:38:00+00:00,2025-03-31T23:08:00+00:00,47.0,38.0,30.0,osrm,1,5303f9f3-bdbf-402d-b7a1-f2c77e17c8c1,80f57aef-1151-4c21-a321-b3a17611f457
4b052aff-0828-4563-bd7b-1432e03904f1,2025-03-31T21:40:00+00:00,2025-03-31T22:00:00+00:00,0.0,0.0,20.0,osrm,0,f406e675-253c-484d-8c5f-da34ec9eb3b5,cdb4210f-5dca-4721-b213-e893abd27534
a8b6cb64-0d3f-4edc-add2-37096a04d68b,2025-03-31T22:38:00+00:00,2025-03-31T23:08:00+00:00,47.0,38.0,30.0,osrm,1,5303f9f3-bdbf-402d-b7a1-f2c77e17c8c1,cdb4210f-5dca-4721-b213-e893abd27534
3345452b-5f35-4282-b2fb-10ecaf54058d,2025-03-31T21:40:00+00:00,2025-03-31T22:00:00+00:00,0.0,0.0,20.0,osrm,0,f406e675-253c-484d-8c5f-da34ec9eb3b5,cd01d04a-c2e6-4aa9-b638-ae3226de3426
e0b0ed58-513e-44d2-9b6f-da658e115533,2025-03-31T22:38:00+00:00,2025-03-31T23:08:00+00:00,47.0,38.0,30.0,osrm,1,5303f9f3-bdbf-402d-b7a1-f2c77e17c8c1,cd01d04a-c2e6-4aa9-b638-ae3226de3426
dcfaa81d-ec8f-412c-b066-3a9641ba22fd,2025-03-31T21:40:00+00:00,2025-03-31T22:00:00+00:00,0.0,0.0,20.0,osrm,0,f406e675-253c-484d-8c5f-da34ec9eb3b5,b95206fd-ea5c-4a40-9b71-955f71a9aae1
fd59eef8-e217-4989-95cf-b2c6175c3a21,2025-03-31T22:38:00+00:00,2025-03-31T23:08:00+00:00,47.0,38.0,30.0,osrm,1,5303f9f3-bdbf-402d-b7a1-f2c77e17c8c1,b95206fd-ea5c-4a40-9b71-955f71a9aae1
cb58a432-6e97-4d29-8380-50302ce555e1,2025-04-01T23:16:00+00:00,2025-04-01T23:46:00+00:00,96.0,76.0,30.0,osrm,1,01c1c25d-9080-4a7b-8168-9c90c2eda26d,c40081f5-98a2-43a4-bfe1-a22d645c5c39
61c48f6a-0b1d-427c-bf54-e97d1d09e6a6,2025-04-01T21:40:00+00:00,2025-04-01T22:00:00+00:00,0.0,0.0,20.0,osrm,0,f406e675-253c-484d-8c5f-da34ec9eb3b5,c40081f5-98a2-43a4-bfe1-a22d645c5c39
9d9db813-89f2-496e-b258-3685aec1582b,2025-04-01T22:37:00+00:00,2025-04-01T23:07:00+00:00,45.0,37.0,30.0,osrm,1,33a6000e-04c6-4fa2-a0e3-65040d97736a,1430ce26-c462-462c-ac0b-e624afa7470c
76516833-2fe3-42ad-abdc-b7dc942f8237,2025-04-01T21:40:00+00:00,2025-04-01T22:00:00+00:00,0.0,0.0,20.0,osrm,0,f406e675-253c-484d-8c5f-da34ec9eb3b5,1430ce26-c462-462c-ac0b-e624afa7470c
67defdb2-2c20-4589-976a-f85385040a3a,2025-04-01T22:37:00+00:00,2025-04-01T23:07:00+00:00,45.0,37.0,30.0,osrm,1,33a6000e-04c6-4fa2-a0e3-65040d97736a,8fac7b22-53c0-4748-9f20-c6c3bc70c1f1
b24bdcd3-2526-4f31-8426-fda61f040e41,2025-04-01T21:40:00+00:00,2025-04-01T22:00:00+00:00,0.0,0.0,20.0,osrm,0,f406e675-253c-484d-8c5f-da34ec9eb3b5,8fac7b22-53c0-4748-9f20-c6c3bc70c1f1
48b78e06-9db1-4847-bc50-e9e6f6bc9072,2025-03-27T13:30:00+00:00,2025-03-27T14:00:00+00:00,0.0,0.0,30.0,osrm,0,5a636886-b0db-421e-83c2-11c8246651d4,06e73890-e5e4-4ca6-996f-0351df6f7c8b
3867054c-de3c-4bbb-b936-ebb1f57b38ae,2025-03-27T14:29:00+00:00,2025-03-27T14:49:00+00:00,35.0,29.0,20.0,osrm,1,f406e675-253c-484d-8c5f-da34ec9eb3b5,06e73890-e5e4-4ca6-996f-0351df6f7c8b
badd93bb-c28c-4525-9baf-d08691d942a6,2025-03-28T14:29:00+00:00,2025-03-28T14:49:00+00:00,35.0,29.0,20.0,osrm,1,f406e675-253c-484d-8c5f-da34ec9eb3b5,431898fb-9308-4f88-9112-2ffcacfe8d61
0a2ac10b-87ed-4066-9d9a-12fedc615a7a,2025-03-28T13:30:00+00:00,2025-03-28T14:00:00+00:00,0.0,0.0,30.0,osrm,0,5a636886-b0db-421e-83c2-11c8246651d4,431898fb-9308-4f88-9112-2ffcacfe8d61
d7830644-f2c9-4646-8016-8c0a15718050,2025-03-28T14:29:00+00:00,2025-03-28T14:49:00+00:00,35.0,29.0,20.0,osrm,1,f406e675-253c-484d-8c5f-da34ec9eb3b5,084938c4-44a3-46f5-8247-4bb3c750faf0
55a02dd3-ef55-47ab-8338-378e8de0c1db,2025-03-28T13:30:00+00:00,2025-03-28T14:00:00+00:00,0.0,0.0,30.0,osrm,0,5a636886-b0db-421e-83c2-11c8246651d4,084938c4-44a3-46f5-8247-4bb3c750faf0
c54d24ed-aac0-4ddd-a5b9-3b462cf56825,2025-03-27T14:29:00+00:00,2025-03-27T14:49:00+00:00,35.0,29.0,20.0,osrm,1,f406e675-253c-484d-8c5f-da34ec9eb3b5,c9a7931e-e716-4f19-8ff3-75a1fe0c624d
42782b76-519a-4a6e-992b-93360543c2f6,2025-03-27T13:30:00+00:00,2025-03-27T14:00:00+00:00,0.0,0.0,30.0,osrm,0,5a636886-b0db-421e-83c2-11c8246651d4,c9a7931e-e716-4f19-8ff3-75a1fe0c624d
32482b06-10b8-48cc-aaab-a293138f21c3,2025-03-28T14:29:00+00:00,2025-03-28T14:49:00+00:00,35.0,29.0,20.0,osrm,1,f406e675-253c-484d-8c5f-da34ec9eb3b5,91d31009-ed20-4dfd-8172-d36ffaa2a401
2646ea4c-04c4-470a-8e09-0edb113ec3f4,2025-03-28T13:30:00+00:00,2025-03-28T14:00:00+00:00,0.0,0.0,30.0,osrm,0,5a636886-b0db-421e-83c2-11c8246651d4,91d31009-ed20-4dfd-8172-d36ffaa2a401
e442f3de-01f0-4df4-bedd-3c3e7c8fecd0,2025-03-27T13:30:00+00:00,2025-03-27T14:00:00+00:00,0.0,0.0,30.0,osrm,0,5a636886-b0db-421e-83c2-11c8246651d4,b9be4a87-7198-4dfa-825b-ab4f7077d917
cb67bf0f-0075-4c5b-8de2-f9dc801b4451,2025-03-27T14:29:00+00:00,2025-03-27T14:49:00+00:00,35.0,29.0,20.0,osrm,1,f406e675-253c-484d-8c5f-da34ec9eb3b5,b9be4a87-7198-4dfa-825b-ab4f7077d917
6c3b6e09-4013-42dd-b7e4-f37b46900003,2025-03-27T13:30:00+00:00,2025-03-27T14:00:00+00:00,0.0,0.0,30.0,osrm,0,5a636886-b0db-421e-83c2-11c8246651d4,0a36c950-520a-46ea-a1c5-772b719d7057
e304421f-1d6f-428f-9177-07aa479dc659,2025-03-27T14:29:00+00:00,2025-03-27T14:49:00+00:00,35.0,29.0,20.0,osrm,1,f406e675-253c-484d-8c5f-da34ec9eb3b5,0a36c950-520a-46ea-a1c5-772b719d7057
6fa78ab8-f0f8-42f3-83b4-0532e7669582,2025-03-27T13:30:00+00:00,2025-03-27T14:00:00+00:00,0.0,0.0,30.0,osrm,0,5a636886-b0db-421e-83c2-11c8246651d4,5c158ace-25f6-4eaa-a214-c358315334f4
05a6d1cc-5e7e-47ef-ba81-2dae1a72317f,2025-03-27T14:29:00+00:00,2025-03-27T14:49:00+00:00,35.0,29.0,20.0,osrm,1,f406e675-253c-484d-8c5f-da34ec9eb3b5,5c158ace-25f6-4eaa-a214-c358315334f4
de7ea86c-80b2-47f3-bc62-736130381225,2025-03-28T14:29:00+00:00,2025-03-28T14:49:00+00:00,35.0,29.0,20.0,osrm,1,f406e675-253c-484d-8c5f-da34ec9eb3b5,80ee1cf9-9892-46ff-81e7-6994b35c2f2e
530fb2c2-6ebf-4d0e-a6b5-d379754537f8,2025-03-28T13:30:00+00:00,2025-03-28T14:00:00+00:00,0.0,0.0,30.0,osrm,0,5a636886-b0db-421e-83c2-11c8246651d4,80ee1cf9-9892-46ff-81e7-6994b35c2f2e
bb9ef5c7-7b27-42c6-b9c9-22e3aa8d2460,2025-03-27T14:29:00+00:00,2025-03-27T14:49:00+00:00,35.0,29.0,20.0,osrm,1,f406e675-253c-484d-8c5f-da34ec9eb3b5,b9c4bdd6-7599-483a-8588-d58daff248ae
8272fcaf-ca98-4083-a2e7-2a21aa4e9b2a,2025-03-27T13:30:00+00:00,2025-03-27T14:00:00+00:00,0.0,0.0,30.0,osrm,0,5a636886-b0db-421e-83c2-11c8246651d4,b9c4bdd6-7599-483a-8588-d58daff248ae
3c883acf-d86a-4c7b-a19c-12d7f9a47da1,2025-03-28T14:29:00+00:00,2025-03-28T14:49:00+00:00,35.0,29.0,20.0,osrm,1,f406e675-253c-484d-8c5f-da34ec9eb3b5,8b4255f4-e9ec-4a24-bea3-c8f2878470d0
4255f179-12c4-44ed-bfa5-9d417a0206d3,2025-03-28T13:30:00+00:00,2025-03-28T14:00:00+00:00,0.0,0.0,30.0,osrm,0,5a636886-b0db-421e-83c2-11c8246651d4,8b4255f4-e9ec-4a24-bea3-c8f2878470d0
f2590f7b-3313-49e3-80fe-34c09261ef6e,2025-03-28T14:29:00+00:00,2025-03-28T14:49:00+00:00,35.0,29.0,20.0,osrm,1,f406e675-253c-484d-8c5f-da34ec9eb3b5,16d5a0db-3c8b-407e-a426-d756342841c5
add50e90-5a85-4b9f-8a20-32c17af26a9a,2025-03-28T13:30:00+00:00,2025-03-28T14:00:00+00:00,0.0,0.0,30.0,osrm,0,5a636886-b0db-421e-83c2-11c8246651d4,16d5a0db-3c8b-407e-a426-d756342841c5
be4dbec7-a134-46c8-8196-ca833bbe7b1e,2025-03-28T14:29:00+00:00,2025-03-28T14:49:00+00:00,35.0,29.0,20.0,osrm,1,f406e675-253c-484d-8c5f-da34ec9eb3b5,ae6315d6-065b-493a-94d9-3dca103cfb75
c8fd8361-28c7-457f-9de5-d090b46704c5,2025-03-28T13:30:00+00:00,2025-03-28T14:00:00+00:00,0.0,0.0,30.0,osrm,0,5a636886-b0db-421e-83c2-11c8246651d4,ae6315d6-065b-493a-94d9-3dca103cfb75
63008ac3-04d6-4280-b9ef-182d68f0cf73,2025-03-28T14:29:00+00:00,2025-03-28T14:49:00+00:00,35.0,29.0,20.0,osrm,1,f406e675-253c-484d-8c5f-da34ec9eb3b5,82c2c067-4be1-49ff-b2d2-cc22e1da11c9
d7e10a9e-5de0-4c1c-8e78-819db8bea7ef,2025-03-28T13:30:00+00:00,2025-03-28T14:00:00+00:00,0.0,0.0,30.0,osrm,0,5a636886-b0db-421e-83c2-11c8246651d4,82c2c067-4be1-49ff-b2d2-cc22e1da11c9
272739fa-6b28-455f-93c0-11bdfe514f09,2025-03-27T13:30:00+00:00,2025-03-27T14:00:00+00:00,0.0,0.0,30.0,osrm,0,5a636886-b0db-421e-83c2-11c8246651d4,418cf712-b7fb-426e-832a-292db67201b0
dc1587c2-9609-430d-b3de-3190489a36b0,2025-03-27T14:29:00+00:00,2025-03-27T14:49:00+00:00,35.0,29.0,20.0,osrm,1,f406e675-253c-484d-8c5f-da34ec9eb3b5,418cf712-b7fb-426e-832a-292db67201b0
8fe6bef8-5a1b-404e-89e7-c560bcb20605,2025-03-28T13:30:00+00:00,2025-03-28T14:00:00+00:00,0.0,0.0,30.0,osrm,0,5a636886-b0db-421e-83c2-11c8246651d4,e7f922c9-aec6-4645-9b2b-890fd6488493
b94cd67c-cbca-4419-92ba-dd744eb9d90f,2025-03-28T14:29:00+00:00,2025-03-28T14:49:00+00:00,35.0,29.0,20.0,osrm,1,f406e675-253c-484d-8c5f-da34ec9eb3b5,e7f922c9-aec6-4645-9b2b-890fd6488493
02d92fc2-7214-4605-aa97-ac63ecb4f93e,2025-03-28T13:30:00+00:00,2025-03-28T14:00:00+00:00,0.0,0.0,30.0,osrm,0,5a636886-b0db-421e-83c2-11c8246651d4,37e45247-5573-44c8-873b-56ebcc48cc5a
76d81303-c03d-46a1-ae57-7db6276dcf0c,2025-03-28T14:29:00+00:00,2025-03-28T14:49:00+00:00,35.0,29.0,20.0,osrm,1,f406e675-253c-484d-8c5f-da34ec9eb3b5,37e45247-5573-44c8-873b-56ebcc48cc5a
551b6398-5a1c-44e1-bfb7-93f399f60143,2025-03-28T13:30:00+00:00,2025-03-28T14:00:00+00:00,0.0,0.0,30.0,osrm,0,5a636886-b0db-421e-83c2-11c8246651d4,9dbe7bc3-22dd-41bd-8a15-b5a04f16cbe7
06732127-525c-4037-8391-f75558bd20be,2025-03-28T14:29:00+00:00,2025-03-28T14:49:00+00:00,35.0,29.0,20.0,osrm,1,f406e675-253c-484d-8c5f-da34ec9eb3b5,9dbe7bc3-22dd-41bd-8a15-b5a04f16cbe7
804a0f0b-98ec-4964-945a-389a270e511e,2025-03-28T13:30:00+00:00,2025-03-28T14:00:00+00:00,0.0,0.0,30.0,osrm,0,5a636886-b0db-421e-83c2-11c8246651d4,ded36d25-b132-4715-8304-fc9ce8277b07
bd077895-74d7-4b77-925c-e3d0e06b7ad1,2025-03-28T14:29:00+00:00,2025-03-28T14:49:00+00:00,35.0,29.0,20.0,osrm,1,f406e675-253c-484d-8c5f-da34ec9eb3b5,ded36d25-b132-4715-8304-fc9ce8277b07
86c0dba2-a218-4e1e-9dda-71f104cef376,2025-03-28T13:30:00+00:00,2025-03-28T14:00:00+00:00,0.0,0.0,30.0,osrm,0,5a636886-b0db-421e-83c2-11c8246651d4,5056cd98-7b32-4887-a20e-599d5d936099
6a06dc81-fe2e-4a70-9cfa-379cf20c90c9,2025-03-28T14:29:00+00:00,2025-03-28T14:49:00+00:00,35.0,29.0,20.0,osrm,1,f406e675-253c-484d-8c5f-da34ec9eb3b5,5056cd98-7b32-4887-a20e-599d5d936099
7c535c55-90ec-4e6f-8dbd-1207f7bccc2c,2025-03-27T13:30:00+00:00,2025-03-27T14:00:00+00:00,0.0,0.0,30.0,osrm,0,5a636886-b0db-421e-83c2-11c8246651d4,bd80281e-d748-4ade-b9ec-ded73d14250b
aa0e982f-5114-4763-ad46-733b50fc0aab,2025-03-27T14:29:00+00:00,2025-03-27T14:49:00+00:00,35.0,29.0,20.0,osrm,1,f406e675-253c-484d-8c5f-da34ec9eb3b5,bd80281e-d748-4ade-b9ec-ded73d14250b
a36e35c8-9e2d-42d8-883e-d405bf904b14,2025-03-28T14:29:00+00:00,2025-03-28T14:49:00+00:00,35.0,29.0,20.0,osrm,1,f406e675-253c-484d-8c5f-da34ec9eb3b5,a272301d-8b1d-47ff-a9a3-cd5b13a12da5
e517a4da-4d88-48ec-8579-6934c47b50e0,2025-03-28T13:30:00+00:00,2025-03-28T14:00:00+00:00,0.0,0.0,30.0,osrm,0,5a636886-b0db-421e-83c2-11c8246651d4,a272301d-8b1d-47ff-a9a3-cd5b13a12da5
e1913692-dfdf-41ec-ab33-ed5887d790f9,2025-03-28T13:30:00+00:00,2025-03-28T14:00:00+00:00,0.0,0.0,30.0,osrm,0,5a636886-b0db-421e-83c2-11c8246651d4,9794ef91-00af-4550-ab4e-4f86646f900c
4ac4d6ef-3a89-4146-be69-de679347da60,2025-03-28T14:29:00+00:00,2025-03-28T14:49:00+00:00,35.0,29.0,20.0,osrm,1,f406e675-253c-484d-8c5f-da34ec9eb3b5,9794ef91-00af-4550-ab4e-4f86646f900c
1dcc1cd2-4db9-4400-9e6c-6f12d620c5bf,2025-03-28T13:30:00+00:00,2025-03-28T14:00:00+00:00,0.0,0.0,30.0,osrm,0,486b3117-0204-42ef-92b7-3328d562fa44,b7cd4f78-694d-4210-85ce-6345b2c30e54
3e462750-efee-4d88-8496-cd0bec4aadc6,2025-03-28T14:31:00+00:00,2025-03-28T14:51:00+00:00,35.0,31.0,20.0,osrm,1,f406e675-253c-484d-8c5f-da34ec9eb3b5,b7cd4f78-694d-4210-85ce-6345b2c30e54
35663e0e-53d1-452b-87d0-d7b8457b27b1,2025-03-28T11:31:00+00:00,2025-03-28T11:51:00+00:00,35.0,31.0,20.0,osrm,1,f406e675-253c-484d-8c5f-da34ec9eb3b5,5583a1e8-6205-4b6f-854f-d3f4119910b7
45313fff-7d7d-48b3-860b-a1b560f53bea,2025-03-28T10:30:00+00:00,2025-03-28T11:00:00+00:00,0.0,0.0,30.0,osrm,0,486b3117-0204-42ef-92b7-3328d562fa44,5583a1e8-6205-4b6f-854f-d3f4119910b7
64806e44-1f79-459f-ac6e-5a0ea4c13105,2025-03-28T14:31:00+00:00,2025-03-28T14:51:00+00:00,35.0,31.0,20.0,osrm,1,f406e675-253c-484d-8c5f-da34ec9eb3b5,7da9b706-ef8f-4d3a-bd5b-4505c800e7a4
9249c655-a770-4f9a-a084-6edc98dae4be,2025-03-28T13:30:00+00:00,2025-03-28T14:00:00+00:00,0.0,0.0,30.0,osrm,0,486b3117-0204-42ef-92b7-3328d562fa44,7da9b706-ef8f-4d3a-bd5b-4505c800e7a4
40ccb8ba-e3a1-423d-8eaa-4cd60332814b,2025-03-28T10:31:00+00:00,2025-03-28T10:51:00+00:00,35.0,31.0,20.0,osrm,1,f406e675-253c-484d-8c5f-da34ec9eb3b5,109d3886-00a3-4cb9-8103-1d5bdd896b0c
4121e7d4-6675-41d2-bc25-11ce49b1cb8b,2025-03-28T09:30:00+00:00,2025-03-28T10:00:00+00:00,0.0,0.0,30.0,osrm,0,486b3117-0204-42ef-92b7-3328d562fa44,109d3886-00a3-4cb9-8103-1d5bdd896b0c
45c8d0d4-3e37-4dde-9f88-cd73ead75698,2025-03-28T12:31:00+00:00,2025-03-28T12:51:00+00:00,35.0,31.0,20.0,osrm,1,f406e675-253c-484d-8c5f-da34ec9eb3b5,7473f7e0-c495-4ef3-bb5b-9ef88c0a77eb
348453ab-f2d8-4fc6-af8a-469a73095a2d,2025-03-28T11:30:00+00:00,2025-03-28T12:00:00+00:00,0.0,0.0,30.0,osrm,0,486b3117-0204-42ef-92b7-3328d562fa44,7473f7e0-c495-4ef3-bb5b-9ef88c0a77eb
751b44ee-b7fc-412f-b8fc-ed6aa2c1a2e4,2025-03-28T08:31:00+00:00,2025-03-28T08:51:00+00:00,35.0,31.0,20.0,osrm,1,f406e675-253c-484d-8c5f-da34ec9eb3b5,dda71b8f-fcd7-4c0d-b0a4-5c5191380297
1aad4eaa-7530-411e-955f-759511917250,2025-03-28T07:30:00+00:00,2025-03-28T08:00:00+00:00,0.0,0.0,30.0,osrm,0,486b3117-0204-42ef-92b7-3328d562fa44,dda71b8f-fcd7-4c0d-b0a4-5c5191380297
b171317b-7aa3-4e9a-8c4c-1eec9f846362,2025-03-28T14:31:00+00:00,2025-03-28T14:51:00+00:00,35.0,31.0,20.0,osrm,1,f406e675-253c-484d-8c5f-da34ec9eb3b5,4cfcb380-7285-45a5-9634-ae5d17282cca
ee85a2f6-2822-4fbb-aebd-1e0cd2509f2e,2025-03-28T13:30:00+00:00,2025-03-28T14:00:00+00:00,0.0,0.0,30.0,osrm,0,486b3117-0204-42ef-92b7-3328d562fa44,4cfcb380-7285-45a5-9634-ae5d17282cca
04f5c982-5412-4168-bfbd-01bdaea90065,2025-03-28T08:31:00+00:00,2025-03-28T08:51:00+00:00,35.0,31.0,20.0,osrm,1,f406e675-253c-484d-8c5f-da34ec9eb3b5,e41b965c-08bf-48d1-bb79-c3a8be2299af
0f16ac20-e0c9-45fc-8a5c-530369f8421d,2025-03-28T07:30:00+00:00,2025-03-28T08:00:00+00:00,0.0,0.0,30.0,osrm,0,486b3117-0204-42ef-92b7-3328d562fa44,e41b965c-08bf-48d1-bb79-c3a8be2299af
2fac3c61-920f-45c1-b21b-24daebd704b7,2025-03-28T14:31:00+00:00,2025-03-28T14:51:00+00:00,35.0,31.0,20.0,osrm,1,f406e675-253c-484d-8c5f-da34ec9eb3b5,0b560b8a-faff-49c6-b8b2-d5bc3ac22198
8792aa2d-b72b-4d6a-a351-72b313a73324,2025-03-28T13:30:00+00:00,2025-03-28T14:00:00+00:00,0.0,0.0,30.0,osrm,0,486b3117-0204-42ef-92b7-3328d562fa44,0b560b8a-faff-49c6-b8b2-d5bc3ac22198
04a7124f-31c6-47d1-81df-eb09904daf7f,2025-03-28T14:31:00+00:00,2025-03-28T14:51:00+00:00,35.0,31.0,20.0,osrm,1,f406e675-253c-484d-8c5f-da34ec9eb3b5,74700ba3-68a5-4a44-b8fc-e97fa7ea9caf
961a9d63-d03d-45f9-bb84-cd93f602d8ca,2025-03-28T13:30:00+00:00,2025-03-28T14:00:00+00:00,0.0,0.0,30.0,osrm,0,486b3117-0204-42ef-92b7-3328d562fa44,74700ba3-68a5-4a44-b8fc-e97fa7ea9caf
485efd21-1273-4938-bbf2-4794d56a9017,2025-03-28T13:30:00+00:00,2025-03-28T14:00:00+00:00,0.0,0.0,30.0,osrm,0,486b3117-0204-42ef-92b7-3328d562fa44,df0c0ec8-ebdf-4855-80db-f0367057ecf6
b7bf719b-b6c8-45bc-ac43-f6b7eaf40fda,2025-03-28T14:31:00+00:00,2025-03-28T14:51:00+00:00,35.0,31.0,20.0,osrm,1,f406e675-253c-484d-8c5f-da34ec9eb3b5,df0c0ec8-ebdf-4855-80db-f0367057ecf6
cce70da5-7b94-44f3-8e51-39a7e880ca58,2025-03-28T06:30:00+00:00,2025-03-28T07:00:00+00:00,0.0,0.0,30.0,osrm,0,486b3117-0204-42ef-92b7-3328d562fa44,dd9cb5eb-15b6-456d-8be9-765d0e0a6273
07a309b5-0ff8-4ee5-87f6-cb24b0a2bb4c,2025-03-28T07:31:00+00:00,2025-03-28T07:51:00+00:00,35.0,31.0,20.0,osrm,1,f406e675-253c-484d-8c5f-da34ec9eb3b5,dd9cb5eb-15b6-456d-8be9-765d0e0a6273
d3d6bf2e-ec6d-4b93-b8aa-74c8805886d8,2025-03-28T14:31:00+00:00,2025-03-28T14:51:00+00:00,35.0,31.0,20.0,osrm,1,f406e675-253c-484d-8c5f-da34ec9eb3b5,55d8b0b1-098c-4257-9443-561550ee129c
1501aebd-0e18-4fdd-89a1-062dbc285643,2025-03-28T13:30:00+00:00,2025-03-28T14:00:00+00:00,0.0,0.0,30.0,osrm,0,486b3117-0204-42ef-92b7-3328d562fa44,55d8b0b1-098c-4257-9443-561550ee129c
83b0513c-e8b5-40e6-87f2-3fe3cc5ab7cf,2025-03-28T10:30:00+00:00,2025-03-28T11:00:00+00:00,0.0,0.0,30.0,osrm,0,486b3117-0204-42ef-92b7-3328d562fa44,b5910f50-1181-4b2d-8311-0bfd6582357c
efc96a5c-7816-4fb0-97bc-ba70e73eece0,2025-03-28T11:31:00+00:00,2025-03-28T11:51:00+00:00,35.0,31.0,20.0,osrm,1,f406e675-253c-484d-8c5f-da34ec9eb3b5,b5910f50-1181-4b2d-8311-0bfd6582357c
46beefce-556f-4007-9eb5-d90a85fb6c41,2025-03-28T14:31:00+00:00,2025-03-28T14:51:00+00:00,35.0,31.0,20.0,osrm,1,f406e675-253c-484d-8c5f-da34ec9eb3b5,69a9a82a-8dba-4c67-b5d2-fc9adada749c
74ad082c-a1ba-442a-ac10-827d507c7b2f,2025-03-28T13:30:00+00:00,2025-03-28T14:00:00+00:00,0.0,0.0,30.0,osrm,0,486b3117-0204-42ef-92b7-3328d562fa44,69a9a82a-8dba-4c67-b5d2-fc9adada749c
b3f8a129-3a10-4753-83ea-ec24781de575,2025-03-28T14:31:00+00:00,2025-03-28T14:51:00+00:00,35.0,31.0,20.0,osrm,1,f406e675-253c-484d-8c5f-da34ec9eb3b5,1915d7c6-e60f-41cc-8eac-89baea8b2dd1
2d87d8e8-abe3-4d0b-9065-a6c8148e9794,2025-03-28T13:30:00+00:00,2025-03-28T14:00:00+00:00,0.0,0.0,30.0,osrm,0,486b3117-0204-42ef-92b7-3328d562fa44,1915d7c6-e60f-41cc-8eac-89baea8b2dd1
a77756da-5133-4fce-902a-ced9bb83d10e,2025-03-28T14:31:00+00:00,2025-03-28T14:51:00+00:00,35.0,31.0,20.0,osrm,1,f406e675-253c-484d-8c5f-da34ec9eb3b5,e7821b63-584b-4ea4-9a64-3affbe2de1fa
d2850f4a-069f-40e1-a1cf-8e48fc4445da,2025-03-28T13:30:00+00:00,2025-03-28T14:00:00+00:00,0.0,0.0,30.0,osrm,0,486b3117-0204-42ef-92b7-3328d562fa44,e7821b63-584b-4ea4-9a64-3affbe2de1fa
6196847c-4adb-4fe2-8831-c8391040454c,2025-04-01T12:23:00+00:00,2025-04-01T12:53:00+00:00,265.0,203.0,30.0,osrm,2,7adb3af0-8846-4fce-a4bb-34b742b6786e,b3a24be1-c92e-4eaf-9021-015b065ee5c9
47a1587a-4ff3-4d78-9b1b-1915d6d349f0,2025-04-01T08:00:00+00:00,2025-04-01T09:00:00+00:00,259.0,198.0,60.0,osrm,1,753a322e-110d-4940-8f72-e086a7da5aec,b3a24be1-c92e-4eaf-9021-015b065ee5c9
57f737cb-0242-4a46-8df8-8ed4d03668f4,2025-04-01T04:12:00+00:00,2025-04-01T04:42:00+00:00,0.0,0.0,30.0,osrm,0,7adb3af0-8846-4fce-a4bb-34b742b6786e,b3a24be1-c92e-4eaf-9021-015b065ee5c9
d2b12c9b-c475-4993-bb5f-085132626b4a,2025-04-01T16:12:00+00:00,2025-04-01T16:32:00+00:00,0.0,0.0,20.0,osrm,0,f406e675-253c-484d-8c5f-da34ec9eb3b5,42507cdb-8959-493d-bddb-feee159d1670
769233cf-916b-4bb1-b9da-48bd0a900a20,2025-04-01T18:00:00+00:00,2025-04-01T18:30:00+00:00,117.0,88.0,30.0,osrm,1,40f5fa2b-d65b-49d3-8498-6013437780c6,42507cdb-8959-493d-bddb-feee159d1670
5fcf1734-8a4e-40eb-939c-6b04b820bdf8,2025-04-01T16:12:00+00:00,2025-04-01T16:32:00+00:00,0.0,0.0,20.0,osrm,0,f406e675-253c-484d-8c5f-da34ec9eb3b5,c51970a9-2a88-4079-88cb-136370557bb5
2d84f4ab-4434-46b3-a99b-6c58a11c2311,2025-04-01T18:00:00+00:00,2025-04-01T18:30:00+00:00,117.0,88.0,30.0,osrm,1,40f5fa2b-d65b-49d3-8498-6013437780c6,c51970a9-2a88-4079-88cb-136370557bb5
efb4f450-9a34-423b-bca8-5167903377dd,2025-03-31T18:00:00+00:00,2025-03-31T18:30:00+00:00,117.0,88.0,30.0,osrm,1,40f5fa2b-d65b-49d3-8498-6013437780c6,33fbe9da-d7cc-467d-a15e-98f64041c61c
cad60a55-68ed-44c9-9c5a-56212cbeb17e,2025-03-31T16:12:00+00:00,2025-03-31T16:32:00+00:00,0.0,0.0,20.0,osrm,0,f406e675-253c-484d-8c5f-da34ec9eb3b5,33fbe9da-d7cc-467d-a15e-98f64041c61c
371eeda4-9e05-4d26-b6a7-863e9dfa8e8d,2025-03-31T16:12:00+00:00,2025-03-31T16:32:00+00:00,0.0,0.0,20.0,osrm,0,f406e675-253c-484d-8c5f-da34ec9eb3b5,6d356479-3e34-4bbb-a214-1146b5ed15bb
6c26c140-521a-4c97-87d5-c663e06a2cb0,2025-03-31T18:00:00+00:00,2025-03-31T18:30:00+00:00,117.0,88.0,30.0,osrm,1,40f5fa2b-d65b-49d3-8498-6013437780c6,6d356479-3e34-4bbb-a214-1146b5ed15bb
2c14d5d4-bcb0-47c4-be4a-ec85778b2268,2025-04-01T18:00:00+00:00,2025-04-01T18:30:00+00:00,117.0,88.0,30.0,osrm,1,40f5fa2b-d65b-49d3-8498-6013437780c6,570f5659-a189-48bc-922b-36be4da12885
bc082ffa-b7e8-4dc6-8d08-b6487c168ba6,2025-04-01T16:12:00+00:00,2025-04-01T16:32:00+00:00,0.0,0.0,20.0,osrm,0,f406e675-253c-484d-8c5f-da34ec9eb3b5,570f5659-a189-48bc-922b-36be4da12885
f4aef8b8-17f6-462e-88cd-c90a57c7db3f,2025-03-28T17:12:00+00:00,2025-03-28T17:32:00+00:00,0.0,0.0,20.0,osrm,0,f406e675-253c-484d-8c5f-da34ec9eb3b5,54fda460-390c-40cf-b872-3ef29a6aadb1
9f1ecad1-7cc3-47fc-a774-a62844d7a0d7,2025-03-28T19:00:00+00:00,2025-03-28T19:30:00+00:00,117.0,88.0,30.0,osrm,1,40f5fa2b-d65b-49d3-8498-6013437780c6,54fda460-390c-40cf-b872-3ef29a6aadb1
d5051157-750e-4d02-9326-ca3f7a323f6f,2025-04-01T18:00:00+00:00,2025-04-01T18:30:00+00:00,117.0,88.0,30.0,osrm,1,40f5fa2b-d65b-49d3-8498-6013437780c6,b385f73d-907e-47e4-9bcb-7215a800650c
1d3515b6-57b2-4763-9290-e731251d404c,2025-04-01T16:12:00+00:00,2025-04-01T16:32:00+00:00,0.0,0.0,20.0,osrm,0,f406e675-253c-484d-8c5f-da34ec9eb3b5,b385f73d-907e-47e4-9bcb-7215a800650c
c61bfb2e-7da8-40b0-ac15-ffc1c366074f,2025-04-01T16:12:00+00:00,2025-04-01T16:32:00+00:00,0.0,0.0,20.0,osrm,0,f406e675-253c-484d-8c5f-da34ec9eb3b5,62630e3f-093d-4c54-bd2c-c62115fd4151
ad172adf-5e96-44c0-bf5a-e386c9fc8111,2025-04-01T18:00:00+00:00,2025-04-01T18:30:00+00:00,117.0,88.0,30.0,osrm,1,40f5fa2b-d65b-49d3-8498-6013437780c6,62630e3f-093d-4c54-bd2c-c62115fd4151
4628222e-881b-4802-8648-14f7128375a6,2025-04-01T18:00:00+00:00,2025-04-01T18:30:00+00:00,117.0,88.0,30.0,osrm,1,40f5fa2b-d65b-49d3-8498-6013437780c6,e7a2fdee-48cb-4896-80ee-84939786b147
3b03cacf-60f8-47f6-9d06-e2ac4d19dae9,2025-04-01T16:12:00+00:00,2025-04-01T16:32:00+00:00,0.0,0.0,20.0,osrm,0,f406e675-253c-484d-8c5f-da34ec9eb3b5,e7a2fdee-48cb-4896-80ee-84939786b147
7d91322a-39ce-48d4-8a07-fc49b53327fb,2025-04-01T18:00:00+00:00,2025-04-01T18:30:00+00:00,117.0,88.0,30.0,osrm,1,40f5fa2b-d65b-49d3-8498-6013437780c6,0fe31985-e758-491a-a78e-ef9ccf7b1cee
5bd07728-3bb3-436b-9037-ee0294c95d3a,2025-04-01T16:12:00+00:00,2025-04-01T16:32:00+00:00,0.0,0.0,20.0,osrm,0,f406e675-253c-484d-8c5f-da34ec9eb3b5,0fe31985-e758-491a-a78e-ef9ccf7b1cee
332d20da-b98b-46ac-9365-ec19823bf6f9,2025-04-01T18:00:00+00:00,2025-04-01T18:30:00+00:00,87.0,70.0,30.0,osrm,1,b0590390-bc00-43ac-bbb1-ff8c75c09d62,ac4f7484-b564-445f-b413-b2609b97cdca
ac974405-3287-4ba5-8b30-1d6911950cf1,2025-04-01T16:30:00+00:00,2025-04-01T16:50:00+00:00,0.0,0.0,20.0,osrm,0,f406e675-253c-484d-8c5f-da34ec9eb3b5,ac4f7484-b564-445f-b413-b2609b97cdca
99ec1f71-472a-4d87-a625-d45415356932,2025-03-31T16:16:00+00:00,2025-03-31T16:36:00+00:00,0.0,0.0,20.0,osrm,0,f406e675-253c-484d-8c5f-da34ec9eb3b5,da22e88e-642c-4d72-ad3d-f6fabde7c3f3
ed16bc88-6eb3-42d5-a6be-e82dbe374314,2025-03-31T18:00:00+00:00,2025-03-31T18:30:00+00:00,110.0,84.0,30.0,osrm,1,2fd2cd6b-b813-4cb7-9fa6-e98f0c0be8e1,da22e88e-642c-4d72-ad3d-f6fabde7c3f3
757d955b-004c-4389-9ad0-658621838365,2025-03-31T22:10:00+00:00,2025-03-31T22:40:00+00:00,8.0,10.0,30.0,osrm,1,8918958f-4721-4307-ba7b-21e22d1eb338,93680ff7-919c-49e2-a8df-584e529ed749
e0cf3c90-1755-486d-8b83-dcde2529a406,2025-03-31T21:40:00+00:00,2025-03-31T22:00:00+00:00,0.0,0.0,20.0,osrm,0,f406e675-253c-484d-8c5f-da34ec9eb3b5,93680ff7-919c-49e2-a8df-584e529ed749
e459cf31-8a12-46c9-aa58-f1b19fdd771a,2025-03-31T09:27:00+00:00,2025-03-31T09:42:00+00:00,0.0,0.0,15.0,osrm,0,4434befd-0803-4739-ac6e-ae39615fee7b,c754b584-ca4c-4a4a-ba73-d11f6fc8e10f
0f50ed3c-1c77-4946-89a7-1dc63cc22aef,2025-03-31T13:00:00+00:00,2025-03-31T13:30:00+00:00,255.0,198.0,30.0,osrm,1,b0590390-bc00-43ac-bbb1-ff8c75c09d62,c754b584-ca4c-4a4a-ba73-d11f6fc8e10f
54a56009-1749-4ac9-85e1-250a52d01c34,2025-03-31T12:00:00+00:00,2025-03-31T12:30:00+00:00,8.0,10.0,30.0,osrm,1,8918958f-4721-4307-ba7b-21e22d1eb338,30cd45b5-68a5-48f1-a81e-81b67c1e5008
477ba2da-8436-4457-a967-bfcb889e5a2f,2025-03-31T11:30:00+00:00,2025-03-31T11:50:00+00:00,0.0,0.0,20.0,osrm,0,f406e675-253c-484d-8c5f-da34ec9eb3b5,30cd45b5-68a5-48f1-a81e-81b67c1e5008
948c4f17-40ba-48aa-87ca-ac544d900d4e,2025-03-31T14:02:00+00:00,2025-03-31T14:22:00+00:00,0.0,0.0,20.0,osrm,0,f406e675-253c-484d-8c5f-da34ec9eb3b5,40651cfb-b4b5-4e8f-a843-5781e481d6da
73d54f6e-18e3-4776-b668-346436458604,2025-03-31T15:00:00+00:00,2025-03-31T15:30:00+00:00,46.0,38.0,30.0,osrm,1,e11cfcf6-4ee9-4357-983b-e0aff971577f,40651cfb-b4b5-4e8f-a843-5781e481d6da
6380f2c5-1a5a-4114-a6a6-f1ada31a50bf,2025-03-31T16:00:00+00:00,2025-03-31T16:30:00+00:00,9.0,12.0,30.0,osrm,1,c9fbe7b4-e327-4a02-9abb-b0fbea38f049,3cd64507-f220-4ae7-9125-2d96a0b950b9
a382833e-8ff0-42eb-adac-b1a2d33935ec,2025-03-31T15:28:00+00:00,2025-03-31T15:48:00+00:00,0.0,0.0,20.0,osrm,0,f406e675-253c-484d-8c5f-da34ec9eb3b5,3cd64507-f220-4ae7-9125-2d96a0b950b9
cbf6531d-ea14-4451-804a-ed5ca907fba8,2025-03-28T16:58:00+00:00,2025-03-28T17:13:00+00:00,231.0,178.0,15.0,osrm,1,4434befd-0803-4739-ac6e-ae39615fee7b,18fc41b3-cc75-4100-83da-ae7bb15725f1
ebae2622-3a24-49af-9c61-2b9d6dff768c,2025-03-28T13:30:00+00:00,2025-03-28T14:00:00+00:00,0.0,0.0,30.0,osrm,0,5a636886-b0db-421e-83c2-11c8246651d4,18fc41b3-cc75-4100-83da-ae7bb15725f1
62c7e675-683a-4d6b-a3f8-04915646fb01,2025-03-27T14:00:00+00:00,2025-03-27T14:30:00+00:00,36.0,32.0,30.0,osrm,1,e707ee70-6328-4f5b-a070-c01d5bbe235f,23793981-b46c-4c96-92c8-6a3b4b2c9726
ab975f52-a84a-466a-a803-17fa6bbb220f,2025-03-27T13:08:00+00:00,2025-03-27T13:28:00+00:00,0.0,0.0,20.0,osrm,0,f406e675-253c-484d-8c5f-da34ec9eb3b5,23793981-b46c-4c96-92c8-6a3b4b2c9726
1f9a221b-0c29-45fd-beff-23c60bfd96c9,2025-03-28T13:30:00+00:00,2025-03-28T14:00:00+00:00,0.0,0.0,30.0,osrm,0,5a636886-b0db-421e-83c2-11c8246651d4,af7b96e6-65d2-4a0f-9c0f-4fd174ed8178
c312f6fc-5893-4e46-8e30-3ba844a3c7bf,2025-03-28T14:29:00+00:00,2025-03-28T14:49:00+00:00,35.0,29.0,20.0,osrm,1,f406e675-253c-484d-8c5f-da34ec9eb3b5,af7b96e6-65d2-4a0f-9c0f-4fd174ed8178
1a36a281-6ae9-4859-8913-fb8b0aff46c0,2025-04-02T16:30:00+00:00,2025-04-02T16:50:00+00:00,0.0,0.0,20.0,osrm,0,f406e675-253c-484d-8c5f-da34ec9eb3b5,86dd2af5-10bd-48b0-a507-45febf3b522f
394d5b80-60c2-4ead-8311-e09dcd63cb95,2025-04-02T18:00:00+00:00,2025-04-02T18:30:00+00:00,87.0,70.0,30.0,osrm,1,b0590390-bc00-43ac-bbb1-ff8c75c09d62,86dd2af5-10bd-48b0-a507-45febf3b522f
01e5b61b-e9d8-4739-a3d4-dc0b82b10589,2025-03-31T21:40:00+00:00,2025-03-31T22:00:00+00:00,0.0,0.0,20.0,osrm,0,f406e675-253c-484d-8c5f-da34ec9eb3b5,683b497a-7630-4b64-aa6c-7be9026be477
9975136b-1801-43c3-9b12-46422fa9d247,2025-03-31T23:16:00+00:00,2025-03-31T23:46:00+00:00,96.0,76.0,30.0,osrm,1,01c1c25d-9080-4a7b-8168-9c90c2eda26d,683b497a-7630-4b64-aa6c-7be9026be477
3f6d50e4-181e-4702-8ce5-cd402d30f0e2,2025-03-28T17:58:00+00:00,2025-03-28T18:13:00+00:00,230.0,178.0,15.0,osrm,1,7b305b89-c244-4f50-9597-225b6f627fff,319211b8-7d9e-4f1e-9cb9-b72dc49a3389
ef845de8-2391-47fb-92bb-f3218c76e406,2025-03-28T14:30:00+00:00,2025-03-28T15:00:00+00:00,0.0,0.0,30.0,osrm,0,47ac359e-1ace-4dac-b386-333a27c582e5,319211b8-7d9e-4f1e-9cb9-b72dc49a3389
e61563c4-41aa-409c-8f1c-558d92001865,2025-03-28T10:30:00+00:00,2025-03-28T11:00:00+00:00,234.0,189.0,30.0,osrm,1,d7ab0882-c08e-4e67-a48e-309c6862a835,635a71f7-068b-4e51-b39d-87bdecdcd8bf
00ff46f8-62ce-4040-b674-2c15273d93c7,2025-03-28T06:51:00+00:00,2025-03-28T07:21:00+00:00,0.0,0.0,30.0,osrm,0,5a636886-b0db-421e-83c2-11c8246651d4,635a71f7-068b-4e51-b39d-87bdecdcd8bf
4197b3f7-3515-4c94-ba17-6aae5d44679b,2025-03-28T13:47:00+00:00,2025-03-28T14:17:00+00:00,235.0,167.0,30.0,osrm,2,ebcf34ed-2f94-4676-af54-629e432e336a,635a71f7-068b-4e51-b39d-87bdecdcd8bf
9e333f3e-e103-4c6a-8dd0-dad6fc811c40,2025-03-31T12:30:00+00:00,2025-03-31T13:00:00+00:00,0.0,0.0,30.0,osrm,0,47ac359e-1ace-4dac-b386-333a27c582e5,003d0998-dbb8-415f-9d35-e3bed7e31f98
840414e6-950d-4098-a15e-82788f3b43b2,2025-03-31T16:03:00+00:00,2025-03-31T16:18:00+00:00,236.0,183.0,15.0,osrm,1,4434befd-0803-4739-ac6e-ae39615fee7b,003d0998-dbb8-415f-9d35-e3bed7e31f98
c83544bd-2d1b-49c8-91cf-59cb10d7bcf5,2025-04-01T18:00:00+00:00,2025-04-01T18:30:00+00:00,96.0,76.0,30.0,osrm,1,01c1c25d-9080-4a7b-8168-9c90c2eda26d,f6392e74-3055-4dca-9c34-7b8c31b8d51c
d5525bec-9267-45ac-8030-80a90233c90a,2025-04-01T16:24:00+00:00,2025-04-01T16:44:00+00:00,0.0,0.0,20.0,osrm,0,f406e675-253c-484d-8c5f-da34ec9eb3b5,f6392e74-3055-4dca-9c34-7b8c31b8d51c
67d7a8a0-e18c-4e0f-959c-f673f001fc62,2025-03-28T16:56:00+00:00,2025-03-28T17:11:00+00:00,226.0,176.0,15.0,osrm,1,7b305b89-c244-4f50-9597-225b6f627fff,a730f922-243d-4940-b8b4-a7edcdf5e787
4f1307b6-bde6-4909-b5ad-162f5f2fafae,2025-03-28T13:30:00+00:00,2025-03-28T14:00:00+00:00,0.0,0.0,30.0,osrm,0,e707ee70-6328-4f5b-a070-c01d5bbe235f,a730f922-243d-4940-b8b4-a7edcdf5e787
785103c6-d36f-4a31-a327-36fe2e9f6faa,2025-03-26T22:40:00+00:00,2025-03-26T23:00:00+00:00,0.0,0.0,20.0,osrm,0,f406e675-253c-484d-8c5f-da34ec9eb3b5,3b2cf847-d365-4558-9fd2-aa01c50c58d9
9968efec-c0c6-4bad-847b-84272939a632,2025-03-26T23:30:00+00:00,2025-03-27T00:00:00+00:00,35.0,30.0,30.0,osrm,1,cfbe4187-800d-4677-b97d-9e95b9f232d8,3b2cf847-d365-4558-9fd2-aa01c50c58d9
d222679e-00b5-4843-98a6-088eab024c43,2025-03-30T21:30:00+00:00,2025-03-30T22:00:00+00:00,0.0,0.0,30.0,osrm,0,2a12e75c-fadd-457f-a23d-1fb749b4140f,c3e671e0-0d84-4640-8787-9383f3a0d94b
daeab4b4-1760-4b0a-9d89-9dc2802c2f13,2025-03-31T01:03:00+00:00,2025-03-31T01:18:00+00:00,236.0,183.0,15.0,osrm,1,4434befd-0803-4739-ac6e-ae39615fee7b,c3e671e0-0d84-4640-8787-9383f3a0d94b
75777ed9-5f42-4140-b724-43c72415988f,2025-04-02T01:00:00+00:00,2025-04-02T01:30:00+00:00,232.0,180.0,30.0,osrm,1,486b3117-0204-42ef-92b7-3328d562fa44,3788006e-3ad4-4307-8f5c-8a47cdeca3da
c1ba0419-0fdb-4f85-9282-5eb5b97c1f4a,2025-04-01T21:45:00+00:00,2025-04-01T22:00:00+00:00,0.0,0.0,15.0,osrm,0,4434befd-0803-4739-ac6e-ae39615fee7b,3788006e-3ad4-4307-8f5c-8a47cdeca3da
1349aafc-2518-4228-9d1d-bd563a72f449,2025-04-01T21:45:00+00:00,2025-04-01T22:00:00+00:00,0.0,0.0,15.0,osrm,0,4434befd-0803-4739-ac6e-ae39615fee7b,001b2f05-c2bb-4700-9008-c925a4e1ebc4
996a31d9-03ca-4ed8-8edf-562c66677144,2025-04-02T01:00:00+00:00,2025-04-02T01:30:00+00:00,232.0,180.0,30.0,osrm,1,486b3117-0204-42ef-92b7-3328d562fa44,001b2f05-c2bb-4700-9008-c925a4e1ebc4
e5bd4368-1d30-48d0-9af3-6237a1c1899a,2025-04-01T21:40:00+00:00,2025-04-01T22:00:00+00:00,0.0,0.0,20.0,osrm,0,f406e675-253c-484d-8c5f-da34ec9eb3b5,436a4eb7-c27a-4cfa-b09b-888f9b8908e3
0c73001f-f4be-4080-a6b2-b23eb30b9a24,2025-04-01T23:10:00+00:00,2025-04-01T23:40:00+00:00,87.0,70.0,30.0,osrm,1,b0590390-bc00-43ac-bbb1-ff8c75c09d62,436a4eb7-c27a-4cfa-b09b-888f9b8908e3
bde97427-cb5d-4e90-ba5a-6880c3dce325,2025-03-31T21:40:00+00:00,2025-03-31T22:00:00+00:00,0.0,0.0,20.0,osrm,0,f406e675-253c-484d-8c5f-da34ec9eb3b5,9ede16da-0b8c-46ac-8efe-fabd37be637b
0adb3fe4-6719-41aa-99a2-d21b053c22c4,2025-03-31T23:16:00+00:00,2025-03-31T23:46:00+00:00,96.0,76.0,30.0,osrm,1,01c1c25d-9080-4a7b-8168-9c90c2eda26d,9ede16da-0b8c-46ac-8efe-fabd37be637b
d92259d5-a545-4071-8b4c-7a71edb9358d,2025-03-28T16:53:00+00:00,2025-03-28T17:08:00+00:00,225.0,173.0,15.0,osrm,1,7b305b89-c244-4f50-9597-225b6f627fff,785fe3a9-6ae3-4f82-b5d5-a261b1745812
5903f0e2-b08a-472a-b2fa-728a770348d8,2025-03-28T13:30:00+00:00,2025-03-28T14:00:00+00:00,0.0,0.0,30.0,osrm,0,5a636886-b0db-421e-83c2-11c8246651d4,785fe3a9-6ae3-4f82-b5d5-a261b1745812
f4fc3cb1-7c06-485d-83ef-f89f73d2c470,2025-04-01T00:33:00+00:00,2025-04-01T00:48:00+00:00,200.0,153.0,15.0,osrm,1,4434befd-0803-4739-ac6e-ae39615fee7b,abdde024-1596-4c92-9d58-a7c40439ce5e
641a114d-2187-4b92-976f-5d3b273ba612,2025-03-31T21:30:00+00:00,2025-03-31T22:00:00+00:00,0.0,0.0,30.0,osrm,0,0d4e2574-3ff6-46ed-9c4a-e3a552189683,abdde024-1596-4c92-9d58-a7c40439ce5e
a9ec3891-5c94-4120-8549-83ed8c7f2edd,2025-03-31T21:30:00+00:00,2025-03-31T22:00:00+00:00,0.0,0.0,30.0,osrm,0,0d4e2574-3ff6-46ed-9c4a-e3a552189683,0b1abd26-95e4-4801-aff6-5792df7564b1
ab0c87b1-8448-4c17-a7ca-07a014993b6d,2025-04-01T00:33:00+00:00,2025-04-01T00:48:00+00:00,200.0,153.0,15.0,osrm,1,4434befd-0803-4739-ac6e-ae39615fee7b,0b1abd26-95e4-4801-aff6-5792df7564b1
ab786c98-97af-432c-ac38-656d36a6f36d,2025-03-31T09:00:00+00:00,2025-03-31T09:30:00+00:00,272.0,215.0,30.0,osrm,1,9cb0d036-6f65-4300-b959-86d7faaf6fbc,688540dc-c9dc-4bd6-a804-24d1d0747bef
328df56e-0bf4-411e-8fa4-55ae8459342b,2025-03-31T10:00:00+00:00,2025-03-31T10:15:00+00:00,33.0,30.0,15.0,osrm,2,4434befd-0803-4739-ac6e-ae39615fee7b,688540dc-c9dc-4bd6-a804-24d1d0747bef
613baa5a-81fe-441a-bf82-03fc2ad405e4,2025-03-31T04:55:00+00:00,2025-03-31T05:25:00+00:00,0.0,0.0,30.0,osrm,0,6109ac4e-c2e4-4258-a73a-ab558b5dfa7e,688540dc-c9dc-4bd6-a804-24d1d0747bef
4812bef1-64bd-4640-8953-22b60fa98690,2025-03-31T07:30:00+00:00,2025-03-31T08:00:00+00:00,272.0,215.0,30.0,osrm,1,9cb0d036-6f65-4300-b959-86d7faaf6fbc,5239fa83-e8f7-4bc6-9bbb-09be141d7799
2e03d6a4-e9bd-4177-8b37-71c3c4f51359,2025-03-31T08:30:00+00:00,2025-03-31T08:45:00+00:00,33.0,30.0,15.0,osrm,2,4434befd-0803-4739-ac6e-ae39615fee7b,5239fa83-e8f7-4bc6-9bbb-09be141d7799
539d4958-8d0c-4643-a79c-d73bdf86ba44,2025-03-31T03:25:00+00:00,2025-03-31T03:55:00+00:00,0.0,0.0,30.0,osrm,0,6109ac4e-c2e4-4258-a73a-ab558b5dfa7e,5239fa83-e8f7-4bc6-9bbb-09be141d7799
7a609470-e6ca-4169-93d0-fcdfa459ead5,2025-03-31T08:07:00+00:00,2025-03-31T08:37:00+00:00,0.0,0.0,30.0,osrm,0,47ac359e-1ace-4dac-b386-333a27c582e5,a3abcea2-eeaf-4cc8-964f-a276b5931c45
bdba0ded-1b56-436a-bcaa-b6dd6eac494a,2025-03-31T12:00:00+00:00,2025-03-31T12:30:00+00:00,264.0,203.0,30.0,osrm,1,9cb0d036-6f65-4300-b959-86d7faaf6fbc,a3abcea2-eeaf-4cc8-964f-a276b5931c45
d9fda4ff-fd63-4340-98c2-f9232a40d05c,2025-03-31T13:00:00+00:00,2025-03-31T13:15:00+00:00,33.0,30.0,15.0,osrm,2,4434befd-0803-4739-ac6e-ae39615fee7b,a3abcea2-eeaf-4cc8-964f-a276b5931c45
1bfe840f-75a9-4afd-bcc7-dbcd30c8f02c,2025-03-31T08:30:00+00:00,2025-03-31T09:00:00+00:00,264.0,203.0,30.0,osrm,1,9cb0d036-6f65-4300-b959-86d7faaf6fbc,10c65c3f-934e-4691-bf7b-5234e0f5c67b
65dae2f6-8a6f-4273-9c0f-64d2aba4e8ec,2025-03-31T09:30:00+00:00,2025-03-31T09:45:00+00:00,33.0,30.0,15.0,osrm,2,4434befd-0803-4739-ac6e-ae39615fee7b,10c65c3f-934e-4691-bf7b-5234e0f5c67b
725af843-d90b-406f-92df-4e73f9100e9c,2025-03-31T04:37:00+00:00,2025-03-31T05:07:00+00:00,0.0,0.0,30.0,osrm,0,47ac359e-1ace-4dac-b386-333a27c582e5,10c65c3f-934e-4691-bf7b-5234e0f5c67b
7d0a50a1-6de6-44de-bd50-4262c8fb2a53,2025-03-27T13:30:00+00:00,2025-03-27T14:00:00+00:00,0.0,0.0,30.0,osrm,0,5a636886-b0db-421e-83c2-11c8246651d4,3ac6853b-8be5-4cef-b995-358275e4d5f6
9b8d8b8c-9eaa-492b-b041-3b6c8097f617,2025-03-27T16:58:00+00:00,2025-03-27T17:13:00+00:00,231.0,178.0,15.0,osrm,1,4434befd-0803-4739-ac6e-ae39615fee7b,3ac6853b-8be5-4cef-b995-358275e4d5f6
012b740e-45a4-493b-9730-9debfbac9780,2025-04-01T05:00:00+00:00,2025-04-01T05:15:00+00:00,33.0,30.0,15.0,osrm,2,4434befd-0803-4739-ac6e-ae39615fee7b,d2cc8e29-af6b-4ae7-b36e-dee1be26ad52
cdcca0bc-e102-4f24-b9dd-4a97d2591754,2025-04-01T04:00:00+00:00,2025-04-01T04:30:00+00:00,264.0,203.0,30.0,osrm,1,9cb0d036-6f65-4300-b959-86d7faaf6fbc,d2cc8e29-af6b-4ae7-b36e-dee1be26ad52
433bb5a3-41ac-44f9-a237-da5a0176db77,2025-04-01T00:07:00+00:00,2025-04-01T00:37:00+00:00,0.0,0.0,30.0,osrm,0,47ac359e-1ace-4dac-b386-333a27c582e5,d2cc8e29-af6b-4ae7-b36e-dee1be26ad52
8ed7b2db-b566-435b-a995-519d3444bfe6,2025-04-01T04:07:00+00:00,2025-04-01T04:37:00+00:00,0.0,0.0,30.0,osrm,0,47ac359e-1ace-4dac-b386-333a27c582e5,85303ceb-ce1f-400f-9aad-876ed2cf532d
3c2bae50-bf73-45d0-b598-1f27e2fa99bb,2025-04-01T08:00:00+00:00,2025-04-01T08:30:00+00:00,264.0,203.0,30.0,osrm,1,9cb0d036-6f65-4300-b959-86d7faaf6fbc,85303ceb-ce1f-400f-9aad-876ed2cf532d
fc0aaca5-c357-4362-9635-628c6a3efef9,2025-04-01T09:00:00+00:00,2025-04-01T09:15:00+00:00,33.0,30.0,15.0,osrm,2,4434befd-0803-4739-ac6e-ae39615fee7b,85303ceb-ce1f-400f-9aad-876ed2cf532d
8965c536-2c77-4f79-9367-377b9388b2f7,2025-04-01T10:00:00+00:00,2025-04-01T10:30:00+00:00,264.0,203.0,30.0,osrm,1,9cb0d036-6f65-4300-b959-86d7faaf6fbc,7f85f4e1-5001-48a9-8f23-c6dec71847fa
3134b619-4e04-44fc-8f56-0ee7b039803f,2025-04-01T11:00:00+00:00,2025-04-01T11:15:00+00:00,33.0,30.0,15.0,osrm,2,4434befd-0803-4739-ac6e-ae39615fee7b,7f85f4e1-5001-48a9-8f23-c6dec71847fa
1e785f6a-b9f2-4e23-89b7-2d40ea4dc8fb,2025-04-01T06:07:00+00:00,2025-04-01T06:37:00+00:00,0.0,0.0,30.0,osrm,0,47ac359e-1ace-4dac-b386-333a27c582e5,7f85f4e1-5001-48a9-8f23-c6dec71847fa
