transport_id,adr,area,booking_id,code,container_id,container_weight,end,modality,planner_id,start,status,type,un_number
f1678bbd-d7e7-447d-992a-cb4b7d7117cb,False,port,a31f00bf-4c24-4bdd-a957-34e01d29071d,534830-001A,b159471b-f3f0-4059-8633-fdc104f88a91,2937.0,2025-04-03T18:30:00+00:00,truck,4434befd-0803-4739-ac6e-ae39615fee7b,2025-04-03T16:24:00+00:00,available,export,
64f31b1b-bf5c-4f7b-82f3-d3d5ffd54029,False,port,26832129-e542-4b9c-8441-25352b9b6d4f,536301-001A,c287bb1f-bd00-4a3c-a3ca-74fd4f8b8834,5484.0,2025-04-04T18:30:00+00:00,truck,4434befd-0803-4739-ac6e-ae39615fee7b,2025-04-04T16:24:00+00:00,available,export,
6ba1ddc7-2633-46d9-ac53-5b2e93113606,False,port,710f014e-31aa-4fcc-9b33-1310aaded330,535773-005A,703c37c2-9a19-4bf2-ac5f-c6b970aa690a,1648.0,2025-03-28T19:30:00+00:00,truck,4434befd-0803-4739-ac6e-ae39615fee7b,2025-03-28T17:25:00+00:00,completed,export,
1757c906-a5e8-4b6b-bf8a-a9199d849a7a,False,port,c26c5c99-b46f-4574-841d-e988bf638cdf,535773-004A,c720a2f2-5626-4575-adb8-792607fef504,4941.0,2025-03-28T19:30:00+00:00,truck,4434befd-0803-4739-ac6e-ae39615fee7b,2025-03-28T17:25:00+00:00,completed,export,
41fefa9f-0865-43a9-b1c0-726e2e846d9f,False,port,149a786f-1962-4194-bdb7-43fe241cb5fe,535773-002A,ded16999-90a1-437d-8f4e-984aa4119a8b,5491.0,2025-03-28T19:30:00+00:00,truck,4434befd-0803-4739-ac6e-ae39615fee7b,2025-03-28T17:25:00+00:00,completed,export,
8d78e36d-89a7-480c-98d9-e5388e93068a,False,port,b118a1df-b923-4b55-987a-0311947a639a,535773-003A,1eeec354-6423-4e45-aef2-e978a18fae9a,4370.0,2025-03-28T19:30:00+00:00,truck,4434befd-0803-4739-ac6e-ae39615fee7b,2025-03-28T17:25:00+00:00,completed,export,
4d10ef40-fdba-49b2-b3f1-b00c2e3ecd4f,False,port,94029c08-c381-4603-950a-865511d9bd02,535775-001A,c33a6ca2-85fa-4da1-ac38-f717207e74b9,2430.0,2025-04-02T18:30:00+00:00,truck,4434befd-0803-4739-ac6e-ae39615fee7b,2025-04-02T16:30:00+00:00,available,export,
dfeead42-f94e-4a2a-824e-8b58a24ff85e,False,port,cc702b90-5cbf-4c8d-ac89-f76fdcb655db,536670-001A,49b99ee6-032d-4530-9a78-e98e80acb118,16378.0,2025-03-28T19:30:00+00:00,truck,4434befd-0803-4739-ac6e-ae39615fee7b,2025-03-28T17:16:00+00:00,completed,export,
e47a451e-bfb9-4e45-8ab2-1c2314900837,False,port,7b2ef903-d672-4cb0-91fb-a20446d3b2a3,536670-002A,b4987a4d-6cd1-4738-9f89-6228825590c0,5662.0,2025-03-28T19:30:00+00:00,truck,4434befd-0803-4739-ac6e-ae39615fee7b,2025-03-28T17:16:00+00:00,completed,export,
792aa004-923c-44ab-9d7d-edc014a55dad,False,port,2652febd-a64d-4760-99d3-e605efd6c797,537097-002A,21d95f9c-0d8d-4a55-89f3-44d01d4a7da4,2030.0,2025-03-31T18:30:00+00:00,truck,4434befd-0803-4739-ac6e-ae39615fee7b,2025-03-31T16:24:00+00:00,planned,export,
459b16d9-c40b-4ba8-ab31-39dbbf3fff03,False,port,0becd35b-0f83-4ea9-a8ed-e7aca0db03e4,537097-003A,963d6213-8eda-43e6-af55-a8a5a533c6fa,2020.0,2025-03-31T18:30:00+00:00,truck,4434befd-0803-4739-ac6e-ae39615fee7b,2025-03-31T16:24:00+00:00,planned,export,
f36e3ca7-c1fa-4793-9114-fd4072f02217,False,port,8bcc55e4-f2a0-4eb6-9d4f-5991dfeb0095,537097-001A,87c45d0b-1f5d-445d-a3fd-3baac2f34d4f,1980.0,2025-03-31T18:30:00+00:00,truck,4434befd-0803-4739-ac6e-ae39615fee7b,2025-03-31T16:24:00+00:00,planned,export,
a70328d6-cb8b-4298-a32f-294379bb2d72,False,port,b7ac270c-6b9f-4602-869e-7949908b90bf,536308-001A,cff3cb5d-e8e7-444c-9c21-e3c9453ab349,3295.0,2025-03-28T19:30:00+00:00,truck,4434befd-0803-4739-ac6e-ae39615fee7b,2025-03-28T17:24:00+00:00,completed,export,
b7880fa9-0f2f-4af6-a2c9-ac6459d00bfe,False,port,3a0a6d8c-6b4d-4047-9b87-2a0de9fa5a40,535640-001A,da952f1d-53ba-47ef-a1d0-06a86645266e,11105.0,2025-04-01T10:02:00+00:00,truck,4434befd-0803-4739-ac6e-ae39615fee7b,2025-04-01T01:09:00+00:00,planned,import,
5efb925d-05b3-4ac3-80e4-167df93c50d2,False,port,530f48c9-a0c8-4379-8a7f-d7f6edee0a5c,535632-001A,174f0394-3979-498c-8253-fb0e5f893dd9,6778.0,2025-04-01T09:04:00+00:00,truck,4434befd-0803-4739-ac6e-ae39615fee7b,2025-04-01T00:09:00+00:00,available,import,
967ee83f-eec1-45bc-b756-2554d5b212fd,False,port,9bc172d8-ddb1-4054-b4ac-4426629ca87e,535118-002D,b4852cb7-c873-405c-82b6-937fd26b7843,16000.0,2025-03-28T11:30:00+00:00,truck,4434befd-0803-4739-ac6e-ae39615fee7b,2025-03-28T07:46:00+00:00,planned,export,
4b84e0ed-74f7-49a8-8a79-2850a4ae300a,False,port,b7160311-776b-40d6-b307-489507bffcc3,537386-001D,932ba4a8-74b9-4584-851a-86d46377b4d9,25140.0,2025-03-27T23:30:00+00:00,truck,4434befd-0803-4739-ac6e-ae39615fee7b,2025-03-27T20:07:00+00:00,completed,export,
3125c1a8-1a6a-45ca-9313-70feea9f6f5f,False,port,97f191f0-acc1-4089-88d5-ce01673ec7e8,537396-001D,a28f8e32-4833-4d45-b823-a0ffa8172ae6,25560.0,2025-03-28T14:30:00+00:00,truck,4434befd-0803-4739-ac6e-ae39615fee7b,2025-03-28T11:07:00+00:00,completed,export,
e7b4b05d-f8ce-437d-88b6-2a3e15a79647,False,port,2b5f8189-e623-49d1-9cc4-cc6634afed58,537393-001D,17b1eaba-474d-45ff-a128-6b9d796a90f8,25140.0,2025-03-27T23:30:00+00:00,truck,4434befd-0803-4739-ac6e-ae39615fee7b,2025-03-27T20:07:00+00:00,completed,export,
3b14bc39-fe70-473a-8ae3-e2b110460241,False,port,3e2919ec-97fc-41c5-b4fb-d4ecc9e84205,537389-001D,d8a36637-416f-405f-84d0-0762816ea283,25140.0,2025-03-27T23:30:00+00:00,truck,4434befd-0803-4739-ac6e-ae39615fee7b,2025-03-27T20:07:00+00:00,completed,export,
e6a31505-8263-4413-b4f6-89d2a891d82a,False,port,b1256fc7-c082-4d32-aa23-8cbe3f72e3ed,537395-001D,4f9d0ff0-7679-489d-8d00-3a04e4de0339,25140.0,2025-03-27T23:30:00+00:00,truck,4434befd-0803-4739-ac6e-ae39615fee7b,2025-03-27T20:07:00+00:00,completed,export,
aad8e4d8-a2cc-4b46-b1dd-38bbd1dd1022,False,port,8a699a96-abbf-4b5a-8acc-f31bbea79d1e,537390-001D,dc739b7a-2846-48cc-9606-fcdca46f85ae,25140.0,2025-03-27T23:30:00+00:00,truck,4434befd-0803-4739-ac6e-ae39615fee7b,2025-03-27T20:07:00+00:00,completed,export,
748bb3f1-b172-4195-b7c5-7e4a4b65f761,False,port,e29d0e7d-07b7-413d-85d0-390dedbc094d,537394-001D,4e317904-97a7-4b87-950c-01e7b76412ba,25140.0,2025-03-27T23:30:00+00:00,truck,4434befd-0803-4739-ac6e-ae39615fee7b,2025-03-27T20:07:00+00:00,completed,export,
338fe30e-e8ad-471b-890e-ed09b49f1d59,False,port,d559c82c-0273-472e-af4d-e83d28a36590,537392-001D,635bc939-7e41-40a6-bf3f-6649db7ce05e,25140.0,2025-03-28T02:08:00+00:00,truck,4434befd-0803-4739-ac6e-ae39615fee7b,2025-03-27T22:45:00+00:00,loaded,export,
10a15238-5184-4608-bc6f-73ddbfca2a0c,False,port,44609c30-0c0c-4c82-9ffc-1469b74fae39,537399-007D,25c66c22-1df1-459f-8e9a-e0c5d0847a4e,23344.0,2025-03-28T02:08:00+00:00,truck,4434befd-0803-4739-ac6e-ae39615fee7b,2025-03-27T22:45:00+00:00,completed,export,
64789602-e419-4ccc-8d1c-f4452ee62e51,False,port,38c61786-f0a0-4f91-9005-5530e13684ba,537400-001D,590ede02-aa65-4926-9554-2cb84f3e51ee,25140.0,2025-03-27T23:30:00+00:00,truck,4434befd-0803-4739-ac6e-ae39615fee7b,2025-03-27T20:07:00+00:00,completed,export,
0a6f8424-08a1-4e8e-9b23-4e1988fefd87,False,port,8b8edf27-03f9-4b7d-bc1f-3e77824e317c,537399-006D,904b8b08-514e-427b-a400-a23fa0a18ac0,23344.0,2025-03-28T02:08:00+00:00,truck,4434befd-0803-4739-ac6e-ae39615fee7b,2025-03-27T22:45:00+00:00,completed,export,
2c4949dc-c13b-4e51-b909-691c0f3888e4,False,port,1c9b354d-4840-4249-8cf3-47d8e11d0f72,537399-005D,312c002d-5acc-4a5d-8ba2-6a1499d13392,23344.0,2025-03-28T02:08:00+00:00,truck,4434befd-0803-4739-ac6e-ae39615fee7b,2025-03-27T22:45:00+00:00,completed,export,
b409e2a0-bd57-498b-bcc0-54b8cf6d6f49,False,port,54a45a13-8beb-46f9-8d09-e40a63f869fb,537424-001A,8cb346c4-27c8-43a3-ba99-01a72fa5f662,8184.0,2025-03-28T19:30:00+00:00,truck,4434befd-0803-4739-ac6e-ae39615fee7b,2025-03-28T17:24:00+00:00,completed,export,
e796b566-17e4-4944-9238-ae4097ab4b1c,False,port,696375d7-91dd-43a3-bbea-120603726827,537422-001A,dc2d12ac-e11c-4000-8210-46b14a8166dd,8261.0,2025-03-28T19:30:00+00:00,truck,4434befd-0803-4739-ac6e-ae39615fee7b,2025-03-28T17:24:00+00:00,completed,export,
c4f8b1b3-2978-43e7-9b5d-e1ec5ba4101b,False,port,f2e5eafb-6751-488c-9f75-5bb703afa492,537420-001A,215cd099-46ac-4cce-b755-6c2421e2b29f,7152.0,2025-03-28T19:30:00+00:00,truck,4434befd-0803-4739-ac6e-ae39615fee7b,2025-03-28T17:24:00+00:00,completed,export,
1d810a41-6174-4028-9dc4-1f96e1da19fe,False,port,948a0478-a20d-419d-81fc-9612a3ec9329,537421-001A,56f22ba8-c46c-464f-b06c-3abf24043da5,7266.0,2025-03-28T19:30:00+00:00,truck,4434befd-0803-4739-ac6e-ae39615fee7b,2025-03-28T17:24:00+00:00,completed,export,
1d2f6f5b-16f3-46c0-906e-ff44bf337a19,False,port,5ebbceb2-dabc-41c6-a5e3-5a5d57f78ff2,537443-001A,9015e9ed-11fd-4c8e-93ae-36915dbf9816,0.0,2025-03-27T23:30:00+00:00,truck,4434befd-0803-4739-ac6e-ae39615fee7b,2025-03-27T22:21:00+00:00,completed,export,
6dad74ab-0ced-450e-b165-4a8868c6feca,False,port,d9df456b-55d1-44a9-bf30-10ba9f49f9f5,537587-001A,cdc31ac8-5769-428e-8566-757d1409786b,5238.0,2025-03-28T19:30:00+00:00,truck,4434befd-0803-4739-ac6e-ae39615fee7b,2025-03-28T17:25:00+00:00,completed,export,
4c5cfd1b-a313-4603-bff4-f87a4a72b288,False,port,2123cd83-076c-4b2c-b9d2-bbc5f67cdf65,537587-002A,ee55d205-d11f-42f8-ad07-68ec65d0c833,5154.0,2025-03-28T19:30:00+00:00,truck,4434befd-0803-4739-ac6e-ae39615fee7b,2025-03-28T17:25:00+00:00,completed,export,
ec6a3d62-0cee-4403-a783-f193037535b8,False,port,703cd342-f09f-4806-b03e-e84a652271b4,537587-004A,f1dca290-7aac-475e-b4fd-2200ee59b900,4131.0,2025-03-31T18:30:00+00:00,truck,4434befd-0803-4739-ac6e-ae39615fee7b,2025-03-31T16:16:00+00:00,planned,export,
84d88c72-2ecc-4e2a-9d33-d540d1243c97,False,port,248fd95b-9202-447a-8ba1-642174e438d9,537614-002D,df7046df-411c-4e3b-ab88-4c2157538016,19000.0,2025-03-28T15:30:00+00:00,truck,4434befd-0803-4739-ac6e-ae39615fee7b,2025-03-28T12:07:00+00:00,completed,export,
f49b3788-73de-4752-8af2-144abd4893f8,False,port,345694bb-aeb1-4694-917a-70ba6ba8f382,537614-001D,a8da75af-7587-4839-8a8c-a0fa78948b60,19000.0,2025-03-28T15:30:00+00:00,truck,4434befd-0803-4739-ac6e-ae39615fee7b,2025-03-28T12:07:00+00:00,completed,export,
082d5d72-e3e1-4051-99fa-6d480002a6af,False,port,74b5b4ba-f5b8-4f88-bd96-b72a06a6578a,537614-004D,e957482c-7a0b-4c15-93e2-cf48480ffaae,19000.0,2025-03-28T15:30:00+00:00,truck,4434befd-0803-4739-ac6e-ae39615fee7b,2025-03-28T12:07:00+00:00,completed,export,
a02cb98e-9814-4e00-8bc5-259909e4d90a,False,port,fd19ccab-ed5e-4321-9726-0a11d4a9233b,537632-001A,3d11a931-e67b-4be6-b952-4ff680e4db40,2558.0,2025-04-01T18:30:00+00:00,truck,4434befd-0803-4739-ac6e-ae39615fee7b,2025-04-01T16:30:00+00:00,available,export,
405c7f05-0733-41a9-99be-712793e00248,False,port,382dcd92-0941-48c0-ab01-5f09443b6127,537535-001A,034c8d5b-53cf-49df-b555-6887b782817c,8313.0,2025-03-31T12:54:00+00:00,truck,4434befd-0803-4739-ac6e-ae39615fee7b,2025-03-31T11:30:00+00:00,available,import,
5cb3ef4d-3b72-47d4-a5e4-02ff549dc356,False,port,27ac9e0a-ae86-4e2f-a27f-568eb06f8946,537525-001A,078edd42-b9a7-42bc-8c09-d1cb2fd6d60e,14355.0,2025-03-31T10:54:00+00:00,truck,4434befd-0803-4739-ac6e-ae39615fee7b,2025-03-31T09:30:00+00:00,unavailable,import,
0e96863b-0fb5-4464-92a3-158bdc97f4ec,False,port,e27ec8bb-08e7-41ba-836e-cbc354521565,537524-001A,c43f3039-d6d4-42ff-809b-d6925c7413a1,6665.0,2025-03-28T12:54:00+00:00,truck,4434befd-0803-4739-ac6e-ae39615fee7b,2025-03-28T11:30:00+00:00,completed,import,
799d138a-9ebb-4f8b-a45b-19b37f88756f,False,port,d01abf43-ab77-4d21-af51-81f60252f89f,537522-001A,46bed052-50be-45d6-acfa-3e930a43b5a9,7260.0,2025-03-31T09:54:00+00:00,truck,4434befd-0803-4739-ac6e-ae39615fee7b,2025-03-31T08:30:00+00:00,available,import,
d9757833-dbf3-4173-836d-71770831117e,False,port,37133379-0ab5-49c6-9d29-866b5e953b01,537519-001A,95f05d56-2ef0-4f2f-9f30-7a71878726bf,17441.0,2025-03-28T13:54:00+00:00,truck,4434befd-0803-4739-ac6e-ae39615fee7b,2025-03-28T12:30:00+00:00,completed,import,
e9200cf1-a27a-478b-8ccb-cb52c87bb304,False,port,78e9e493-08b5-4ff4-ac41-ae97cb5f3ccc,537521-001A,15d35600-f325-4bc2-9ac9-16adfdcd653b,17212.0,2025-03-28T13:54:00+00:00,truck,4434befd-0803-4739-ac6e-ae39615fee7b,2025-03-28T12:30:00+00:00,completed,import,
5e18fdc1-cb01-4285-9a5f-af7e1ad38165,False,port,ffe2d4ad-6f8f-4710-87f3-0197c222091c,537536-001A,c7b234bc-3db1-4db7-be6e-caa823e140b0,5285.0,2025-03-28T13:54:00+00:00,truck,4434befd-0803-4739-ac6e-ae39615fee7b,2025-03-28T12:30:00+00:00,completed,import,
44060787-a6d4-420a-9947-ea53dea47cbb,False,port,e8e0a2c4-ae48-430e-be9e-d37ebd24d6c6,537520-001A,dd8e2f38-4c2e-4382-925e-37fb8a0ba45e,13550.0,2025-03-31T13:54:00+00:00,truck,4434befd-0803-4739-ac6e-ae39615fee7b,2025-03-31T12:30:00+00:00,available,import,
05b9f2b5-fc08-46e2-b850-773cce4109ad,False,port,b2c34150-8727-4cf2-97f4-6ca5f8eb8772,536305-001A,1a98ffbe-60d3-4290-b0ac-a626379d802c,11000.0,2025-03-31T18:30:00+00:00,truck,4434befd-0803-4739-ac6e-ae39615fee7b,2025-03-31T16:24:00+00:00,loaded,export,
a3bc63ad-1518-4a4d-9c95-d908e3e9404e,False,port,fcb96afe-4c37-411b-ac83-f2c3f6b10c61,537655-001A,45738ad5-144f-4712-b644-e1c37550e427,16908.0,2025-03-31T11:54:00+00:00,truck,4434befd-0803-4739-ac6e-ae39615fee7b,2025-03-31T10:30:00+00:00,unavailable,import,
df682f04-34af-49f7-b8d0-decc95a0f2d0,True,port,16e2c283-abea-457c-bc1c-b578b0e69bb6,536548-013B,135f6569-8cca-4bd2-ac7c-04825c752dbf,23462.0,2025-03-31T13:30:00+00:00,truck,4434befd-0803-4739-ac6e-ae39615fee7b,2025-03-31T10:09:00+00:00,available,export,1719004.0
7c826484-f53b-4ce8-9156-b3de718b2123,False,port,a845f0c2-0822-4610-abef-f4aec2624c14,537788-001A,baba615e-b813-4844-85b4-57c8865e4e6f,8000.0,2025-03-28T19:30:00+00:00,truck,4434befd-0803-4739-ac6e-ae39615fee7b,2025-03-28T17:25:00+00:00,completed,export,
940ec228-4231-443b-8155-175a45f83823,False,port,8c510f02-7add-4978-892e-0a115979b308,537439-001A,ca4ad648-2ca6-40fa-94be-57b991623e84,5960.0,2025-04-01T18:30:00+00:00,truck,4434befd-0803-4739-ac6e-ae39615fee7b,2025-04-01T16:12:00+00:00,available,export,
34ea8bed-0049-4b7c-bfca-c1860b271523,False,port,664f93f5-659b-409d-aa96-273e9897279b,536312-001A,4de1bcc6-3d82-4096-a103-5ebacba386bb,4800.0,2025-04-02T18:30:00+00:00,truck,4434befd-0803-4739-ac6e-ae39615fee7b,2025-04-02T16:30:00+00:00,available,export,
f0398503-fccd-4387-8a6b-052447c21e15,True,port,b6454044-2ad7-4bfb-aeb3-ef6b0ee37b2e,536312-002A,8408a502-e358-467f-9b0c-0395d120838a,3103.0,2025-04-02T18:30:00+00:00,truck,4434befd-0803-4739-ac6e-ae39615fee7b,2025-04-02T16:30:00+00:00,available,export,1760005.0
14c6541f-022a-4f4f-8f8c-908127e5e1b6,False,port,894953d4-3a28-4006-8034-a7e889e2e04a,537439-002A,4e4d9f27-cc09-43b1-b66c-1fe172b55f1b,1560.0,2025-04-01T18:30:00+00:00,truck,4434befd-0803-4739-ac6e-ae39615fee7b,2025-04-01T16:12:00+00:00,available,export,
8aab3db5-905b-404d-ab99-b63999e7a317,False,port,bbf1c3a9-47e6-45d1-a1bd-b6083f9cbb6f,536314-001A,bf8f0455-e3da-4f8b-90a4-a103bda599fb,9770.0,2025-04-02T18:30:00+00:00,truck,4434befd-0803-4739-ac6e-ae39615fee7b,2025-04-02T16:30:00+00:00,available,export,
e4eb8441-2ddb-44c0-bc04-21bd053d99d5,True,port,233bd3a3-5317-4a0a-b753-8057cf8733ee,537851-002A,9f5da739-fc29-495d-a8d4-793138a86157,1.0,2025-03-28T19:30:00+00:00,truck,4434befd-0803-4739-ac6e-ae39615fee7b,2025-03-28T17:25:00+00:00,completed,export,2329000.0
acc11454-cba8-4c58-a585-80afb920874d,True,port,abd8a9f7-1c34-448d-838a-d6c9ede8eb2d,537851-001A,a8bec4bd-8fbd-426a-b459-6bf63db53d68,1.0,2025-03-28T19:30:00+00:00,truck,4434befd-0803-4739-ac6e-ae39615fee7b,2025-03-28T17:25:00+00:00,completed,export,2329000.0
676ea5de-63fb-46c1-bda0-1fcdeefdee31,False,port,f710d40b-e375-4e9c-a123-71a513633059,537945-001A,ebe8cabe-e5d0-41e1-b784-e6365c08b35a,0.0,2025-03-31T20:30:00+00:00,truck,4434befd-0803-4739-ac6e-ae39615fee7b,2025-03-31T19:10:00+00:00,planned,export,
464a1095-8c2c-41db-9f42-1aa69aa48a35,False,port,9bf20429-eeb0-4dce-b10e-9d9abecfaddc,537946-001A,cfb150c0-a265-41bf-8ca2-7ea35b2fc41a,0.0,2025-03-31T20:30:00+00:00,truck,4434befd-0803-4739-ac6e-ae39615fee7b,2025-03-31T19:10:00+00:00,planned,export,
5249b419-54b2-4d87-9046-9daa92cdea3f,False,port,4414d066-95b0-4621-87a7-fe596404a4b7,531202-001A,2b748be1-db1f-475d-b3f0-560993e470de,19899.0,2025-04-04T18:30:00+00:00,truck,4434befd-0803-4739-ac6e-ae39615fee7b,2025-04-04T16:16:00+00:00,available,export,
4e69b604-ba09-4785-899c-9fc651c1d681,False,port,d426caa7-9df3-4669-b021-3112db477feb,536306-001A,3bc1012a-1cc5-4d74-92c9-e001698f5e51,16915.0,2025-04-02T18:30:00+00:00,truck,4434befd-0803-4739-ac6e-ae39615fee7b,2025-04-02T16:30:00+00:00,available,export,
1da1fcdb-71fb-42ac-a7b3-bcfb374093e1,False,port,9a14e487-1651-406a-bb1e-a37f0297d012,537740-001A,33373b64-1df7-44fc-b38c-80bc16a182e8,13832.0,2025-03-31T19:30:00+00:00,truck,4434befd-0803-4739-ac6e-ae39615fee7b,2025-03-31T17:24:00+00:00,loaded,export,
23c1cd46-c599-4bd6-b24e-b2f651deda9c,False,port,b16d8552-03aa-48a1-a34d-39527883f136,536955-001A,ffaa574f-d263-42da-9ea2-847b43457570,9120.0,2025-04-02T18:30:00+00:00,truck,4434befd-0803-4739-ac6e-ae39615fee7b,2025-04-02T16:30:00+00:00,available,export,
75f46617-3cdd-44e7-a02a-801b5df68fd1,False,port,d9592d9a-59fc-4154-ad9d-85096b857be0,536309-001A,ed779ff7-8faa-49c5-876b-8ae00855fd01,8369.0,2025-04-02T18:30:00+00:00,truck,4434befd-0803-4739-ac6e-ae39615fee7b,2025-04-02T16:30:00+00:00,available,export,
2241fd8b-d258-47a8-8f9f-908c5f542c36,False,port,cda1b1da-226c-46d6-ac41-b0ff61c83024,536307-001A,e717fde8-ca45-4534-b4b2-4b4c387e841d,16915.0,2025-04-02T18:30:00+00:00,truck,4434befd-0803-4739-ac6e-ae39615fee7b,2025-04-02T16:30:00+00:00,available,export,
857e7dc6-5bef-494d-85c7-f5d68c8c2871,False,port,e2b083e5-c6fa-40bd-aee5-47f75a6034f7,538170-001A,23d4a51f-0130-479b-b5ba-1278493681f3,5458.0,2025-03-28T19:30:00+00:00,truck,4434befd-0803-4739-ac6e-ae39615fee7b,2025-03-28T17:16:00+00:00,completed,export,
df4efeb9-4e66-4601-995f-96ceabdc2ce7,False,port,d13bcc17-b393-44d4-ad14-6b46c6a0bfbe,538187-001A,3f661bdf-9fa2-4555-8810-aebd0ab12e64,23520.0,2025-04-02T15:30:00+00:00,truck,4434befd-0803-4739-ac6e-ae39615fee7b,2025-04-02T14:02:00+00:00,available,export,
8f55e974-9fba-4634-bbbb-51a5a87a0a5e,False,port,af12aa2e-6981-4948-8c36-5f23e99bcc4a,538261-001A,68417d05-d909-4799-916e-ae04a0b12f73,25060.0,2025-03-31T22:48:00+00:00,truck,4434befd-0803-4739-ac6e-ae39615fee7b,2025-03-31T21:40:00+00:00,available,export,
115bfea2-0070-4b72-8d3b-0a452373f6d2,False,port,d751c20d-f341-468d-a47a-06ba43a0a81a,538333-001A,8c6f1737-e246-4141-8474-420e45643137,2500.0,2025-03-31T20:30:00+00:00,truck,4434befd-0803-4739-ac6e-ae39615fee7b,2025-03-31T18:24:00+00:00,loaded,export,
37390c4a-d28e-458b-8893-ee36f6a672e2,False,port,7727adb2-ffdf-4dd9-bb09-5068bf7bd9ef,538336-001A,cc79b5bf-f206-4d22-a439-db4778c14d8c,4480.0,2025-03-31T14:30:00+00:00,truck,4434befd-0803-4739-ac6e-ae39615fee7b,2025-03-31T12:12:00+00:00,loaded,export,
a2251b98-e787-4274-94fb-197111083db4,False,port,aeea4fef-8d84-498f-9dc0-cadbbb10167d,538332-001A,283fc5b3-5014-4972-bbe7-ca01f6cd8120,7860.0,2025-03-28T21:30:00+00:00,truck,4434befd-0803-4739-ac6e-ae39615fee7b,2025-03-28T19:24:00+00:00,completed,export,
fb5982d4-909a-4098-ac25-d2acf75517c7,True,port,e8d59d85-14b8-49f2-9ad5-8948f75724af,538340-001A,cc57188d-70ad-4751-ac3e-9a81c57ec5c1,3822.0,2025-04-02T18:30:00+00:00,truck,4434befd-0803-4739-ac6e-ae39615fee7b,2025-04-02T16:24:00+00:00,available,export,1266003.0
700cfb51-bbd2-4f75-870e-b32ee9d16fb4,False,port,ddeb2768-0df9-4374-86a3-b38e41c4c1b7,538335-001A,77a614fc-ac3e-4cb4-a729-aca2458bca8b,1440.0,2025-04-02T18:30:00+00:00,truck,4434befd-0803-4739-ac6e-ae39615fee7b,2025-04-02T16:24:00+00:00,available,export,
3166fa45-e8d4-4d77-ad5d-25f7856fbc68,True,port,51cd177f-0e06-4d7b-bd62-16765394f0c3,537810-006A,d448eef6-22e7-4154-a055-19fa82ba4d3b,1.0,2025-03-31T23:08:00+00:00,truck,4434befd-0803-4739-ac6e-ae39615fee7b,2025-03-31T21:40:00+00:00,available,export,2057000.0
df24f7b5-148d-4ad3-93ee-256f1dd34d27,True,port,af16c2a5-c743-4bac-8db4-d10a5ec63ccd,537810-003A,2c6bca3b-7e51-4932-a391-6acfda50e5dd,1.0,2025-03-31T23:08:00+00:00,truck,4434befd-0803-4739-ac6e-ae39615fee7b,2025-03-31T21:40:00+00:00,available,export,2057000.0
1b01a25a-9456-458f-afc9-7fadd03bf928,True,port,f9ee94d7-5dd1-4d7b-a50a-af3a2cfee9b5,538181-001A,a934e6a9-81f9-4ad7-b3ed-3851f5aacc26,1.0,2025-04-01T22:41:00+00:00,truck,4434befd-0803-4739-ac6e-ae39615fee7b,2025-04-01T21:40:00+00:00,available,export,3065000.0
80f57aef-1151-4c21-a321-b3a17611f457,True,port,e9070e3a-b219-485e-b7c8-e71501bd7dcf,537810-004A,45481a3d-4a4d-4598-963e-909a8f8c7ba8,1.0,2025-03-31T23:08:00+00:00,truck,4434befd-0803-4739-ac6e-ae39615fee7b,2025-03-31T21:40:00+00:00,available,export,2057000.0
cdb4210f-5dca-4721-b213-e893abd27534,True,port,999ce28e-fe19-42f2-a509-07b2e36cbe51,537810-005A,7ae543cb-cbe2-41e9-b48d-fae69fdc9c77,1.0,2025-03-31T23:08:00+00:00,truck,4434befd-0803-4739-ac6e-ae39615fee7b,2025-03-31T21:40:00+00:00,available,export,2057000.0
cd01d04a-c2e6-4aa9-b638-ae3226de3426,True,port,4945b7a0-4306-4525-84c8-1f6d9f5724e9,537810-001A,e9fb8bbc-e62b-4b60-9968-04b83c875996,1.0,2025-03-31T23:08:00+00:00,truck,4434befd-0803-4739-ac6e-ae39615fee7b,2025-03-31T21:40:00+00:00,available,export,2057000.0
b95206fd-ea5c-4a40-9b71-955f71a9aae1,True,port,e76b64b7-98ff-45d2-ad6d-5945cad455c2,537810-002A,3e32e26d-fbb3-41f4-874b-6caa1c990031,1.0,2025-03-31T23:08:00+00:00,truck,4434befd-0803-4739-ac6e-ae39615fee7b,2025-03-31T21:40:00+00:00,available,export,2057000.0
c40081f5-98a2-43a4-bfe1-a22d645c5c39,True,port,9f2b887b-3dbc-40eb-a5f1-7604fa5f6106,538345-001A,96941c08-9bd8-4c1d-9d8f-bfee6d965c14,4647.0,2025-04-01T23:46:00+00:00,truck,4434befd-0803-4739-ac6e-ae39615fee7b,2025-04-01T21:40:00+00:00,available,export,1903002.0
1430ce26-c462-462c-ac0b-e624afa7470c,True,port,d9f9f68e-0471-4dbc-af96-7bfd585dae2b,538354-001A,579e5b89-d8c5-4bb1-b0ed-d7681615a15a,45.0,2025-04-01T23:07:00+00:00,truck,4434befd-0803-4739-ac6e-ae39615fee7b,2025-04-01T21:40:00+00:00,available,export,2927001.0
8fac7b22-53c0-4748-9f20-c6c3bc70c1f1,True,port,088b8ff2-830f-4b75-aac1-58470fbfddff,538354-002A,ef7e1143-1b9c-44cd-816e-16fb44912f31,45.0,2025-04-01T23:07:00+00:00,truck,4434befd-0803-4739-ac6e-ae39615fee7b,2025-04-01T21:40:00+00:00,available,export,2927001.0
06e73890-e5e4-4ca6-996f-0351df6f7c8b,True,port,56f6d721-bb3d-48c6-b971-874ce85ce25a,538398-022A,afc78074-6934-45f6-8bc6-f03b44e49260,19894.0,2025-03-27T14:49:00+00:00,truck,4434befd-0803-4739-ac6e-ae39615fee7b,2025-03-27T13:30:00+00:00,completed,import,3065001.0
431898fb-9308-4f88-9112-2ffcacfe8d61,True,port,6a5504e2-8b66-4a3d-8e4c-7ed620b68e94,538398-017A,e3690cde-2bda-4e9a-a31e-aacdfbfda98c,19749.0,2025-03-28T14:49:00+00:00,truck,4434befd-0803-4739-ac6e-ae39615fee7b,2025-03-28T13:30:00+00:00,completed,import,3065001.0
084938c4-44a3-46f5-8247-4bb3c750faf0,True,port,0fc03135-ae00-437b-bb44-5a432c55a703,538398-018A,4ac29621-342d-4ade-823d-10f985cfe51f,19840.0,2025-03-28T14:49:00+00:00,truck,4434befd-0803-4739-ac6e-ae39615fee7b,2025-03-28T13:30:00+00:00,completed,import,3065001.0
c9a7931e-e716-4f19-8ff3-75a1fe0c624d,True,port,22035264-f400-41ee-8fbb-96760f5eec1d,538398-023A,69382040-66ce-42f5-909d-ad1a55b81321,20212.0,2025-03-27T14:49:00+00:00,truck,4434befd-0803-4739-ac6e-ae39615fee7b,2025-03-27T13:30:00+00:00,completed,import,3065001.0
91d31009-ed20-4dfd-8172-d36ffaa2a401,True,port,e3eeb6e4-20e4-4fd4-9218-06ca91a6a672,538398-024A,df9b6e16-9c23-46fd-87ad-f283e371bce2,20194.0,2025-03-28T14:49:00+00:00,truck,4434befd-0803-4739-ac6e-ae39615fee7b,2025-03-28T13:30:00+00:00,completed,import,3065001.0
b9be4a87-7198-4dfa-825b-ab4f7077d917,True,port,bffba377-5b80-4f44-87cd-965ca7b00c93,538398-020A,bb80f131-2720-46b6-9eb9-6b765383efb2,19940.0,2025-03-27T14:49:00+00:00,truck,4434befd-0803-4739-ac6e-ae39615fee7b,2025-03-27T13:30:00+00:00,completed,import,3065001.0
0a36c950-520a-46ea-a1c5-772b719d7057,True,port,b8c84baa-9798-49b0-a73a-aabf4b3524b6,538398-016A,fbbdbf0a-b219-43b3-a97d-f32f6358bf70,20312.0,2025-03-27T14:49:00+00:00,truck,4434befd-0803-4739-ac6e-ae39615fee7b,2025-03-27T13:30:00+00:00,completed,import,3065001.0
5c158ace-25f6-4eaa-a214-c358315334f4,True,port,8f069733-8c94-4a52-b0bf-9d5d64b60b8e,538398-015A,14124a1d-c7de-48d9-b788-c20175d2a4f3,20030.0,2025-03-27T14:49:00+00:00,truck,4434befd-0803-4739-ac6e-ae39615fee7b,2025-03-27T13:30:00+00:00,completed,import,3065001.0
80ee1cf9-9892-46ff-81e7-6994b35c2f2e,True,port,cb0d2081-39a0-4472-a3e5-b456711321fa,538398-021A,ba3527ce-57d3-4902-b87c-709b460c2fa7,20098.0,2025-03-28T14:49:00+00:00,truck,4434befd-0803-4739-ac6e-ae39615fee7b,2025-03-28T13:30:00+00:00,completed,import,3065001.0
b9c4bdd6-7599-483a-8588-d58daff248ae,True,port,c2653393-f692-441c-ae8f-259dde1791b4,538398-019A,8d20f4b7-86ba-4ed0-a349-74819fc587dc,19912.0,2025-03-27T14:49:00+00:00,truck,4434befd-0803-4739-ac6e-ae39615fee7b,2025-03-27T13:30:00+00:00,completed,import,3065001.0
8b4255f4-e9ec-4a24-bea3-c8f2878470d0,True,port,5bdd1b6d-c10d-48ab-b5f3-30afbbea87ba,538398-043A,f782eb83-ebb8-43da-8159-bff9b24c868b,19487.0,2025-03-28T14:49:00+00:00,truck,4434befd-0803-4739-ac6e-ae39615fee7b,2025-03-28T13:30:00+00:00,completed,import,3065001.0
16d5a0db-3c8b-407e-a426-d756342841c5,True,port,07e34195-f7fb-4b57-ac3f-ff04d61e8c12,538398-029A,3391dd8a-0cd2-48dd-8c32-9d02e2d17d39,20239.0,2025-03-28T14:49:00+00:00,truck,4434befd-0803-4739-ac6e-ae39615fee7b,2025-03-28T13:30:00+00:00,completed,import,3065001.0
ae6315d6-065b-493a-94d9-3dca103cfb75,True,port,78614bfb-fc3a-43ae-94ea-409ae35e42d3,538398-037A,b16d8515-d7b6-4787-ac04-7772f5f93290,20212.0,2025-03-28T14:49:00+00:00,truck,4434befd-0803-4739-ac6e-ae39615fee7b,2025-03-28T13:30:00+00:00,completed,import,3065001.0
82c2c067-4be1-49ff-b2d2-cc22e1da11c9,True,port,4be78e67-840f-4076-98b8-ea9266522857,538398-042A,1ee26631-407e-4ff6-9354-15aa7c036c42,19849.0,2025-03-28T14:49:00+00:00,truck,4434befd-0803-4739-ac6e-ae39615fee7b,2025-03-28T13:30:00+00:00,completed,import,3065001.0
418cf712-b7fb-426e-832a-292db67201b0,True,port,b8e601d8-806d-42cc-a9e6-70dd9317b385,538398-027A,65adcb8b-bce8-4064-9633-a01e606975c6,20112.0,2025-03-27T14:49:00+00:00,truck,4434befd-0803-4739-ac6e-ae39615fee7b,2025-03-27T13:30:00+00:00,loaded,import,3065001.0
e7f922c9-aec6-4645-9b2b-890fd6488493,True,port,6823a161-601d-43bf-a0b3-235894236eda,538398-035A,097aa84c-6f4b-4809-ac89-8ac02dcabf7a,20148.0,2025-03-28T14:49:00+00:00,truck,4434befd-0803-4739-ac6e-ae39615fee7b,2025-03-28T13:30:00+00:00,completed,import,3065001.0
37e45247-5573-44c8-873b-56ebcc48cc5a,True,port,2da2fda1-30ee-473e-bc09-4b0ba99cb506,538398-025A,dadf010a-0f2a-4214-88af-8e458499a940,20000.0,2025-03-28T14:49:00+00:00,truck,4434befd-0803-4739-ac6e-ae39615fee7b,2025-03-28T13:30:00+00:00,completed,import,3065001.0
9dbe7bc3-22dd-41bd-8a15-b5a04f16cbe7,True,port,ac23d590-a1ef-4068-93e6-83397196c9c1,538398-039A,118da007-4aea-4fb1-a64c-621f751d1c6f,19958.0,2025-03-28T14:49:00+00:00,truck,4434befd-0803-4739-ac6e-ae39615fee7b,2025-03-28T13:30:00+00:00,completed,import,3065001.0
ded36d25-b132-4715-8304-fc9ce8277b07,True,port,07168e30-e9b8-481f-a57d-52d91bff732c,538398-030A,8a01eda1-aaa7-4bef-978d-03b3394c3af7,20012.0,2025-03-28T14:49:00+00:00,truck,4434befd-0803-4739-ac6e-ae39615fee7b,2025-03-28T13:30:00+00:00,completed,import,3065001.0
5056cd98-7b32-4887-a20e-599d5d936099,True,port,8ad343ea-72d0-437e-b260-d94f5a72389b,538398-031A,e40c401c-35fb-4c3a-bb7a-b637e901bca9,20157.0,2025-03-28T14:49:00+00:00,truck,4434befd-0803-4739-ac6e-ae39615fee7b,2025-03-28T13:30:00+00:00,completed,import,3065001.0
bd80281e-d748-4ade-b9ec-ded73d14250b,True,port,aac90acd-b570-42a5-a2c6-99fd1c7160ac,538398-026A,9ceba48d-68a7-475c-8bbe-f4a2b60235dd,20085.0,2025-03-27T14:49:00+00:00,truck,4434befd-0803-4739-ac6e-ae39615fee7b,2025-03-27T13:30:00+00:00,completed,import,3065001.0
a272301d-8b1d-47ff-a9a3-cd5b13a12da5,True,port,7c02f112-4825-48a9-bb3b-1bfdc2a2220c,538398-028A,e186a28a-707a-4bca-bfe7-7bdd32874371,20012.0,2025-03-28T14:49:00+00:00,truck,4434befd-0803-4739-ac6e-ae39615fee7b,2025-03-28T13:30:00+00:00,completed,import,3065001.0
9794ef91-00af-4550-ab4e-4f86646f900c,True,port,9e75cc58-ae27-47d4-8bb8-54d09af04f06,538398-044A,654bba5e-950d-4f48-8119-832dc5fa14d3,20076.0,2025-03-28T14:49:00+00:00,truck,4434befd-0803-4739-ac6e-ae39615fee7b,2025-03-28T13:30:00+00:00,completed,import,3065001.0
b7cd4f78-694d-4210-85ce-6345b2c30e54,True,port,c17ea7e2-4b2e-4c5a-a211-451fb4414000,538449-032A,5b65e5e8-9c4b-43ce-9e4b-a653ad0abb18,20113.0,2025-03-28T14:51:00+00:00,truck,4434befd-0803-4739-ac6e-ae39615fee7b,2025-03-28T13:30:00+00:00,planned,import,3065001.0
5583a1e8-6205-4b6f-854f-d3f4119910b7,True,port,f569e61a-bd33-4bc1-b031-3ce1a5b7a4e9,538449-016A,009bbb82-a12f-4988-85ae-c451f9c753d1,19859.0,2025-03-28T11:51:00+00:00,truck,4434befd-0803-4739-ac6e-ae39615fee7b,2025-03-28T10:30:00+00:00,completed,import,3065001.0
7da9b706-ef8f-4d3a-bd5b-4505c800e7a4,True,port,fb8d7d05-61b0-4063-8536-4786478fb3a2,538449-024A,cb66222c-f646-4904-b534-c8408c2daa40,20185.0,2025-03-28T14:51:00+00:00,truck,4434befd-0803-4739-ac6e-ae39615fee7b,2025-03-28T13:30:00+00:00,completed,import,3065001.0
109d3886-00a3-4cb9-8103-1d5bdd896b0c,True,port,e0629239-f420-4706-8542-76a6765f73bc,538449-020A,e7601290-4382-4965-ae81-cd09b50184f7,20103.0,2025-03-28T10:51:00+00:00,truck,4434befd-0803-4739-ac6e-ae39615fee7b,2025-03-28T09:30:00+00:00,completed,import,3065001.0
7473f7e0-c495-4ef3-bb5b-9ef88c0a77eb,True,port,cc706fc0-34f2-4a7a-b4a9-2db60730fbd0,538449-029A,4e82bf86-7619-4246-87b8-441323f2f69d,19804.0,2025-03-28T12:51:00+00:00,truck,4434befd-0803-4739-ac6e-ae39615fee7b,2025-03-28T11:30:00+00:00,completed,import,3065001.0
dda71b8f-fcd7-4c0d-b0a4-5c5191380297,True,port,2ad2c157-c39c-470d-a15b-dc1fc5bc30f1,538449-019A,6f06142d-ff71-49a9-8345-fdb22fdd0581,19976.0,2025-03-28T08:51:00+00:00,truck,4434befd-0803-4739-ac6e-ae39615fee7b,2025-03-28T07:30:00+00:00,completed,import,3065001.0
4cfcb380-7285-45a5-9634-ae5d17282cca,True,port,7998b1a7-f5a3-4b2b-b34a-a473fbf685b2,538449-026A,255f7023-61ed-4629-9844-18649b1e8c9c,19967.0,2025-03-28T14:51:00+00:00,truck,4434befd-0803-4739-ac6e-ae39615fee7b,2025-03-28T13:30:00+00:00,completed,import,3065001.0
e41b965c-08bf-48d1-bb79-c3a8be2299af,True,port,9a64177e-6259-4a49-b7ac-f42e281133b2,538449-017A,0fe22f78-0b51-4b30-8e89-666731a55416,19813.0,2025-03-28T08:51:00+00:00,truck,4434befd-0803-4739-ac6e-ae39615fee7b,2025-03-28T07:30:00+00:00,completed,import,3065001.0
0b560b8a-faff-49c6-b8b2-d5bc3ac22198,True,port,f8052d84-5cd9-403d-bdd9-b5d000752384,538449-023A,0322204c-71c3-4093-9fc3-eb3531488084,19895.0,2025-03-28T14:51:00+00:00,truck,4434befd-0803-4739-ac6e-ae39615fee7b,2025-03-28T13:30:00+00:00,completed,import,3065001.0
74700ba3-68a5-4a44-b8fc-e97fa7ea9caf,True,port,3335240e-6a4f-400f-8288-de0557237790,538449-031A,5737c883-9115-4e08-b2dc-d054be03b108,19859.0,2025-03-28T14:51:00+00:00,truck,4434befd-0803-4739-ac6e-ae39615fee7b,2025-03-28T13:30:00+00:00,completed,import,3065001.0
df0c0ec8-ebdf-4855-80db-f0367057ecf6,True,port,b2eba97b-1ade-46b8-9501-96f27fcd9381,538449-025A,a295ccc2-b672-4903-b9a3-792c92bb24ba,20321.0,2025-03-28T14:51:00+00:00,truck,4434befd-0803-4739-ac6e-ae39615fee7b,2025-03-28T13:30:00+00:00,completed,import,3065001.0
dd9cb5eb-15b6-456d-8be9-765d0e0a6273,True,port,cdcafa5f-7e0a-4c75-81a2-cf95b0ed888a,538449-021A,49fc5233-cef2-4989-8ee0-a9dbf6841ba2,20000.0,2025-03-28T07:51:00+00:00,truck,4434befd-0803-4739-ac6e-ae39615fee7b,2025-03-28T06:30:00+00:00,completed,import,3065001.0
55d8b0b1-098c-4257-9443-561550ee129c,True,port,0f1f303a-920c-49ee-94f3-138a6a93618e,538449-027A,46b4c827-0dbe-4f13-8ddc-3a3b7f83383e,19822.0,2025-03-28T14:51:00+00:00,truck,4434befd-0803-4739-ac6e-ae39615fee7b,2025-03-28T13:30:00+00:00,completed,import,3065001.0
b5910f50-1181-4b2d-8311-0bfd6582357c,True,port,41f02208-dbc1-42b4-ab65-2266cddcba3f,538449-034A,4b5d6a17-a09c-4314-9441-6b2d2b26e379,19487.0,2025-03-28T11:51:00+00:00,truck,4434befd-0803-4739-ac6e-ae39615fee7b,2025-03-28T10:30:00+00:00,completed,import,3065001.0
69a9a82a-8dba-4c67-b5d2-fc9adada749c,True,port,94f99707-4b13-4d6f-9548-bc32790a4f6e,538449-030A,9cfa8afb-d29e-4db0-ac1a-a487a9ae730a,20167.0,2025-03-28T14:51:00+00:00,truck,4434befd-0803-4739-ac6e-ae39615fee7b,2025-03-28T13:30:00+00:00,completed,import,3065001.0
1915d7c6-e60f-41cc-8eac-89baea8b2dd1,True,port,0fa71652-1ea3-42df-9860-20c4a6fdfbc5,538449-033A,98fe3611-37f4-49b6-beac-b140f7331bb9,20221.0,2025-03-28T14:51:00+00:00,truck,4434befd-0803-4739-ac6e-ae39615fee7b,2025-03-28T13:30:00+00:00,completed,import,3065001.0
e7821b63-584b-4ea4-9a64-3affbe2de1fa,True,port,ec0666d6-c4c3-4aff-907e-701970f29ce5,538449-022A,4992a4c8-faf4-4ea6-a817-32cad69f3454,19886.0,2025-03-28T14:51:00+00:00,truck,4434befd-0803-4739-ac6e-ae39615fee7b,2025-03-28T13:30:00+00:00,completed,import,3065001.0
b3a24be1-c92e-4eaf-9021-015b065ee5c9,False,port,445699a4-5183-41c8-a8fe-61b0216a7ca3,538152-001A,fb82d797-78b6-415b-813d-30b275a6f8ec,16880.0,2025-04-01T12:53:00+00:00,truck,4434befd-0803-4739-ac6e-ae39615fee7b,2025-04-01T04:12:00+00:00,planned,import,
42507cdb-8959-493d-bddb-feee159d1670,False,port,e60602d4-4633-4ef3-80e8-ce0d4c9be788,538524-001A,88ff4578-b61f-4ef7-87a6-c9b59cbafc2d,17967.0,2025-04-01T18:30:00+00:00,truck,4434befd-0803-4739-ac6e-ae39615fee7b,2025-04-01T16:12:00+00:00,available,export,
c51970a9-2a88-4079-88cb-136370557bb5,False,port,324c734b-b0df-42de-93a3-eb9de4136988,538519-001A,937d979b-7fa0-4d46-92c9-7d2e1e40445b,20379.0,2025-04-01T18:30:00+00:00,truck,4434befd-0803-4739-ac6e-ae39615fee7b,2025-04-01T16:12:00+00:00,available,export,
33fbe9da-d7cc-467d-a15e-98f64041c61c,False,port,4775a7ea-f616-4b53-8f70-6be6fae6d179,538523-001A,16e8fb28-4a28-4d44-b9e2-4d19acc71878,18204.0,2025-04-01T18:30:00+00:00,truck,4434befd-0803-4739-ac6e-ae39615fee7b,2025-04-01T16:12:00+00:00,planned,export,
6d356479-3e34-4bbb-a214-1146b5ed15bb,False,port,6af0d2a6-d813-41cb-97cd-c23e9584b14c,538515-001A,9008c6bd-bb40-468e-aaaa-784be3118ac0,17138.0,2025-03-31T18:30:00+00:00,truck,4434befd-0803-4739-ac6e-ae39615fee7b,2025-03-31T16:12:00+00:00,loaded,export,
570f5659-a189-48bc-922b-36be4da12885,False,port,39843733-ada8-419a-a3a3-724f810b167d,538521-001A,57ed3af6-386d-4ce1-9329-feef2f282b06,20552.0,2025-04-01T18:30:00+00:00,truck,4434befd-0803-4739-ac6e-ae39615fee7b,2025-04-01T16:12:00+00:00,available,export,
54fda460-390c-40cf-b872-3ef29a6aadb1,False,port,6e2a8c35-d538-48bb-a89f-581a25a060f9,538514-001A,03cf874d-a100-4ede-928b-a5a8acfeaced,20552.0,2025-03-28T19:30:00+00:00,truck,4434befd-0803-4739-ac6e-ae39615fee7b,2025-03-28T17:12:00+00:00,completed,export,
b385f73d-907e-47e4-9bcb-7215a800650c,False,port,faec846d-0bd9-4b08-a1ea-90c6c3fac111,538516-001A,7659244a-8299-49b2-8afa-04de7dd6afb1,20124.0,2025-04-01T18:30:00+00:00,truck,4434befd-0803-4739-ac6e-ae39615fee7b,2025-04-01T16:12:00+00:00,available,export,
62630e3f-093d-4c54-bd2c-c62115fd4151,False,port,91fd831f-18fc-4679-8a2a-4b627b1677fa,538517-001A,207b9e33-7db1-4a47-b3dc-79d201f70f18,20079.0,2025-04-01T18:30:00+00:00,truck,4434befd-0803-4739-ac6e-ae39615fee7b,2025-04-01T16:12:00+00:00,available,export,
e7a2fdee-48cb-4896-80ee-84939786b147,False,port,b9a1df34-3456-4700-954f-763e1580adb6,538520-001A,494e9bee-e49d-4029-a7b0-199fbd9b4e09,20024.0,2025-04-01T18:30:00+00:00,truck,4434befd-0803-4739-ac6e-ae39615fee7b,2025-04-01T16:12:00+00:00,available,export,
0fe31985-e758-491a-a78e-ef9ccf7b1cee,False,port,d52fd44f-daa9-4ff0-8238-ac5039e540fd,538522-001A,9474568f-4d8f-4e32-b70c-57c315f78890,20537.0,2025-04-01T18:30:00+00:00,truck,4434befd-0803-4739-ac6e-ae39615fee7b,2025-04-01T16:12:00+00:00,available,export,
ac4f7484-b564-445f-b413-b2609b97cdca,False,port,63f53a82-d8cf-4993-a00d-79482197a525,538532-001A,f802d56c-8c47-4b53-bc32-676f3c06e712,1800.0,2025-04-01T18:30:00+00:00,truck,4434befd-0803-4739-ac6e-ae39615fee7b,2025-04-01T16:30:00+00:00,available,export,
da22e88e-642c-4d72-ad3d-f6fabde7c3f3,False,port,8f35a953-9704-41f9-822a-7dba53c6f22a,538544-001A,0a3b4c12-146d-43ec-8ac0-39e1240724fc,3547.0,2025-03-31T18:30:00+00:00,truck,4434befd-0803-4739-ac6e-ae39615fee7b,2025-03-31T16:16:00+00:00,available,export,
93680ff7-919c-49e2-a8df-584e529ed749,True,port,6bbf07c9-96cb-4126-b818-5feb0d74d724,538551-001A,3bb9f3e6-61f7-4676-898a-f9f6f0aa39d9,26640.0,2025-03-31T22:40:00+00:00,truck,4434befd-0803-4739-ac6e-ae39615fee7b,2025-03-31T21:40:00+00:00,available,export,1750000.0
c754b584-ca4c-4a4a-ba73-d11f6fc8e10f,False,port,840caf3b-cc31-4364-bf00-3dca3a5722dc,538576-001A,6f02f527-09f0-45fa-a0ab-35bc484c8847,0.0,2025-03-31T13:30:00+00:00,truck,4434befd-0803-4739-ac6e-ae39615fee7b,2025-03-31T09:27:00+00:00,available,export,
30cd45b5-68a5-48f1-a81e-81b67c1e5008,True,port,ce5e715f-b19d-430f-91bf-9bdb787809e2,538604-001A,0b679997-aa69-4907-8c57-f0679978f618,26620.0,2025-03-28T19:30:00+00:00,truck,4434befd-0803-4739-ac6e-ae39615fee7b,2025-03-28T18:30:00+00:00,planned,export,1750000.0
40651cfb-b4b5-4e8f-a843-5781e481d6da,True,port,63d4c71f-1aad-4d81-aeaf-2cd9e728fe3a,538605-001A,0b70731f-6f70-4eee-8a2a-7534366a0f69,22020.0,2025-03-28T16:30:00+00:00,truck,4434befd-0803-4739-ac6e-ae39615fee7b,2025-03-28T15:02:00+00:00,planned,export,1866005.0
3cd64507-f220-4ae7-9125-2d96a0b950b9,False,port,817fabc1-8cf5-49cb-b875-34369ea2348c,538656-001A,d1424c13-d363-45e1-91fb-56712bee84f9,22320.0,2025-03-31T16:30:00+00:00,truck,4434befd-0803-4739-ac6e-ae39615fee7b,2025-03-31T15:28:00+00:00,planned,export,
18fc41b3-cc75-4100-83da-ae7bb15725f1,False,port,6be655ca-f021-4f9c-a79e-ea2eb74cfb7e,538698-001A,744beb47-6e4c-432e-9125-5974509ac162,12130.0,2025-03-28T17:13:00+00:00,truck,4434befd-0803-4739-ac6e-ae39615fee7b,2025-03-28T13:30:00+00:00,loaded,import,
23793981-b46c-4c96-92c8-6a3b4b2c9726,False,port,dd05dfa2-426f-4b0d-bdbf-cc31d8a28fe3,537501-003C,95614c2d-b76c-4661-b527-9f97b7fa08da,25100.0,2025-03-27T14:30:00+00:00,truck,4434befd-0803-4739-ac6e-ae39615fee7b,2025-03-27T13:08:00+00:00,completed,export,
af7b96e6-65d2-4a0f-9c0f-4fd174ed8178,False,port,40bf1783-5947-4913-8705-97298282ac27,538734-001A,d924f20f-96e3-40bc-aa1b-454eabb86bb4,10811.0,2025-03-28T14:49:00+00:00,truck,4434befd-0803-4739-ac6e-ae39615fee7b,2025-03-28T13:30:00+00:00,completed,import,
86dd2af5-10bd-48b0-a507-45febf3b522f,False,port,00f66fc8-6941-4129-9ad0-9cf0c133e5be,538778-001A,8653f499-03f5-457f-9479-4f4c5b5737ba,8855.0,2025-04-02T18:30:00+00:00,truck,4434befd-0803-4739-ac6e-ae39615fee7b,2025-04-02T16:30:00+00:00,available,export,
683b497a-7630-4b64-aa6c-7be9026be477,True,port,12523fe7-e10b-4987-9bdb-b8beeb5d484b,538782-001A,b8bcf362-2584-494d-acff-f40845c726f1,22050.0,2025-03-31T23:46:00+00:00,truck,4434befd-0803-4739-ac6e-ae39615fee7b,2025-03-31T21:40:00+00:00,available,export,1818000.0
319211b8-7d9e-4f1e-9cb9-b72dc49a3389,True,port,9377c6db-8e1e-4e02-aca8-f29424649e47,537365-001A,4483675e-70e5-4b84-8925-d3cff6573bab,24000.0,2025-03-28T18:13:00+00:00,truck,4434befd-0803-4739-ac6e-ae39615fee7b,2025-03-28T14:30:00+00:00,loaded,import,3077001.0
635a71f7-068b-4e51-b39d-87bdecdcd8bf,False,port,0679408f-80cd-4560-9b4e-ee96743edadf,535732-001A,6ebbb56f-6941-4212-9812-e2a732f7cf49,15000.0,2025-03-28T14:17:00+00:00,truck,4434befd-0803-4739-ac6e-ae39615fee7b,2025-03-28T06:51:00+00:00,completed,import,
003d0998-dbb8-415f-9d35-e3bed7e31f98,False,port,05439320-d5d4-4d0b-bcac-d83ccf852db7,538841-002A,6b80463c-49d7-4fb7-b371-1565b421beea,5895.0,2025-03-31T16:18:00+00:00,truck,4434befd-0803-4739-ac6e-ae39615fee7b,2025-03-31T12:30:00+00:00,planned,import,
f6392e74-3055-4dca-9c34-7b8c31b8d51c,False,port,1c1c155d-b0f4-4dca-8ad7-5f8466768805,538889-001A,4be873f1-4abe-4c40-ac6a-7319a9c3f58d,2535.0,2025-04-01T18:30:00+00:00,truck,4434befd-0803-4739-ac6e-ae39615fee7b,2025-04-01T16:24:00+00:00,available,export,
a730f922-243d-4940-b8b4-a7edcdf5e787,False,port,1c671f59-b220-4f80-99a0-d83ea283a110,538918-001A,6f32a789-4939-4482-9a90-7d8d47200fe3,6041.0,2025-03-28T17:11:00+00:00,truck,4434befd-0803-4739-ac6e-ae39615fee7b,2025-03-28T13:30:00+00:00,completed,import,
3b2cf847-d365-4558-9fd2-aa01c50c58d9,False,port,60a8d6dc-f009-4633-8a86-c554465341c1,538939-001A,2e4b7589-6006-458d-8e06-d4987d3c416c,0.0,2025-03-27T00:00:00+00:00,truck,4434befd-0803-4739-ac6e-ae39615fee7b,2025-03-26T22:40:00+00:00,completed,export,
c3e671e0-0d84-4640-8787-9383f3a0d94b,False,port,48e96007-0e51-4734-ba2a-daa438a2d31d,538968-001A,,0.0,2025-03-31T01:18:00+00:00,truck,4434befd-0803-4739-ac6e-ae39615fee7b,2025-03-30T21:30:00+00:00,planned,import,
3788006e-3ad4-4307-8f5c-8a47cdeca3da,False,port,9c1a31e2-81ee-49c9-ae54-a22974ded740,538969-004C,,20240.0,2025-04-02T01:30:00+00:00,truck,4434befd-0803-4739-ac6e-ae39615fee7b,2025-04-01T21:45:00+00:00,available,export,
001b2f05-c2bb-4700-9008-c925a4e1ebc4,False,port,18376109-fb4d-44a5-8374-a028185cbb99,538969-001C,ac204842-9543-4506-9aaf-9956bdf87a0d,20240.0,2025-04-02T01:30:00+00:00,truck,4434befd-0803-4739-ac6e-ae39615fee7b,2025-04-01T21:45:00+00:00,available,export,
436a4eb7-c27a-4cfa-b09b-888f9b8908e3,False,port,93a4bbf3-ca98-4ef0-9c28-919d54ae3e9b,538991-001A,,7043.0,2025-04-01T23:40:00+00:00,truck,4434befd-0803-4739-ac6e-ae39615fee7b,2025-04-01T21:40:00+00:00,available,export,
9ede16da-0b8c-46ac-8efe-fabd37be637b,False,port,3c555c90-c24d-46a5-b790-bb7e76c6f157,538984-001A,d469fb0b-c754-4d63-ab43-42d4bb990681,12835.0,2025-03-31T23:46:00+00:00,truck,4434befd-0803-4739-ac6e-ae39615fee7b,2025-03-31T21:40:00+00:00,available,export,
785fe3a9-6ae3-4f82-b5d5-a261b1745812,False,port,64bc80a6-1978-40e1-831a-5cac716b218f,537170-001A,24af6f69-c296-4cf2-9247-7874f6b45757,25000.0,2025-03-28T17:08:00+00:00,truck,4434befd-0803-4739-ac6e-ae39615fee7b,2025-03-28T13:30:00+00:00,loaded,import,
abdde024-1596-4c92-9d58-a7c40439ce5e,False,port,f0c82d14-95c7-4131-b066-8c38fdd9e5f6,539028-001A,,12814.0,2025-04-01T00:48:00+00:00,truck,4434befd-0803-4739-ac6e-ae39615fee7b,2025-03-31T21:30:00+00:00,available,import,
0b1abd26-95e4-4801-aff6-5792df7564b1,False,port,7bfee192-6d1c-4731-a607-45a1bd259e53,539028-002A,,17219.0,2025-04-01T00:48:00+00:00,truck,4434befd-0803-4739-ac6e-ae39615fee7b,2025-03-31T21:30:00+00:00,available,import,
688540dc-c9dc-4bd6-a804-24d1d0747bef,False,port,d9abb4bb-9b89-4423-9e5f-0c2d0e2df4ca,539077-001A,c9425cc8-ff8c-48b3-a6db-c4791fdc03a9,10000.0,2025-03-31T10:15:00+00:00,truck,4434befd-0803-4739-ac6e-ae39615fee7b,2025-03-31T04:55:00+00:00,loaded,import,
5239fa83-e8f7-4bc6-9bbb-09be141d7799,False,port,4ca11a5d-5b70-4fb1-9293-5369ae281bd5,539077-002A,034cd769-cb88-405e-8b07-b099cf77ea58,10000.0,2025-03-31T08:45:00+00:00,truck,4434befd-0803-4739-ac6e-ae39615fee7b,2025-03-31T03:25:00+00:00,loaded,import,
a3abcea2-eeaf-4cc8-964f-a276b5931c45,False,port,f25fc061-e615-46ed-9571-21b686656382,539078-002A,eb7165aa-eadc-4bdb-840c-49ffa60b64c6,10000.0,2025-03-31T13:15:00+00:00,truck,4434befd-0803-4739-ac6e-ae39615fee7b,2025-03-31T08:07:00+00:00,planned,import,
10c65c3f-934e-4691-bf7b-5234e0f5c67b,False,port,0756ab4c-dd59-45d8-87a1-c84da8e11aa5,539078-001A,fc9b83e5-7083-44d9-8114-fbb2659b366f,10000.0,2025-03-31T09:45:00+00:00,truck,4434befd-0803-4739-ac6e-ae39615fee7b,2025-03-31T04:37:00+00:00,loaded,import,
3ac6853b-8be5-4cef-b995-358275e4d5f6,False,port,85b8f55b-ac09-4d30-87cb-8e9871633238,536860-001A,058212cc-96c0-40a6-a34c-a69ec288a6d5,26082.0,2025-03-27T17:13:00+00:00,truck,4434befd-0803-4739-ac6e-ae39615fee7b,2025-03-27T13:30:00+00:00,completed,import,
d2cc8e29-af6b-4ae7-b36e-dee1be26ad52,False,port,c8085e03-986d-42a8-9b74-52b0dc972f92,539078-003A,7a4f9d86-d408-468a-87f3-bd52d1fb9e65,10000.0,2025-04-01T05:15:00+00:00,truck,4434befd-0803-4739-ac6e-ae39615fee7b,2025-04-01T00:07:00+00:00,planned,import,
85303ceb-ce1f-400f-9aad-876ed2cf532d,False,port,91f56f40-ff70-41e7-ac53-5e025bf046c5,539078-005A,ac4957d9-619f-4e50-8087-1707a21fced7,10000.0,2025-04-01T09:15:00+00:00,truck,4434befd-0803-4739-ac6e-ae39615fee7b,2025-04-01T04:07:00+00:00,planned,import,
7f85f4e1-5001-48a9-8f23-c6dec71847fa,False,port,e32b465d-9c44-4a24-8b26-892a2ce7c7c8,539078-006A,0bcccafe-3b88-4486-be19-97cd41a06961,10000.0,2025-04-01T11:15:00+00:00,truck,4434befd-0803-4739-ac6e-ae39615fee7b,2025-04-01T06:07:00+00:00,planned,import,
