id,location_id,start_time
43025e5e-d5c0-4300-97cf-68550e206ed9,f406e675-253c-484d-8c5f-da34ec9eb3b5,06:00:00
83bbf967-103e-4708-91dc-e5ce499e77fd,f406e675-253c-484d-8c5f-da34ec9eb3b5,06:00:00
64bace94-9ccf-4e4d-9585-90fb9b76b1c1,b0590390-bc00-43ac-bbb1-ff8c75c09d62,06:00:00
597d13a3-dd09-4ba8-a458-c99bd29156e9,f406e675-253c-484d-8c5f-da34ec9eb3b5,07:00:00
8949c9f2-b452-465f-94c5-231ef8f9154d,e707ee70-6328-4f5b-a070-c01d5bbe235f,07:00:00
d476be63-d58b-4c37-a21e-9f240d3b90a7,4434befd-0803-4739-ac6e-ae39615fee7b,06:00:00
422ac128-1490-45e1-8d85-1985493826b9,f406e675-253c-484d-8c5f-da34ec9eb3b5,06:00:00
9c8ab2d9-8bf8-499a-a028-33533da4887b,f406e675-253c-484d-8c5f-da34ec9eb3b5,06:00:00
05e1de71-e767-4950-92ff-06a0f6c54c58,4434befd-0803-4739-ac6e-ae39615fee7b,06:00:00
380d72bd-2c66-479b-ae67-13a8151f71a5,7b305b89-c244-4f50-9597-225b6f627fff,06:00:00
776e33fa-ac1e-4a8d-9352-3e199f615949,2fd2cd6b-b813-4cb7-9fa6-e98f0c0be8e1,06:00:00
1e42e5d0-4a51-49ee-b6e7-e5c996b0df04,f406e675-253c-484d-8c5f-da34ec9eb3b5,06:00:00
cabddf8d-5675-4b94-945a-3b09e070413c,4434befd-0803-4739-ac6e-ae39615fee7b,06:00:00
897946a7-7f36-4f15-9c73-27130b4ec153,4434befd-0803-4739-ac6e-ae39615fee7b,06:00:00
91d8394d-b62e-4f27-b0f9-77f3cd5f71e8,4434befd-0803-4739-ac6e-ae39615fee7b,06:00:00
192d906a-855c-4c65-a6c0-429506531ae5,4434befd-0803-4739-ac6e-ae39615fee7b,06:00:00
99c21932-9fe7-4135-9110-8e019dd3adaf,4434befd-0803-4739-ac6e-ae39615fee7b,06:00:00
73916ddc-091e-43e6-81c3-55e73b093a89,7b305b89-c244-4f50-9597-225b6f627fff,06:00:00
d106162a-bee5-4a0b-80b2-085f3721f6dc,7b305b89-c244-4f50-9597-225b6f627fff,06:00:00
533a84cd-8ad8-47a6-98d9-56d72cffc3d9,f406e675-253c-484d-8c5f-da34ec9eb3b5,06:00:00
60336e6c-6972-47a0-b17c-ef7c75e606ee,47ac359e-1ace-4dac-b386-333a27c582e5,11:00:00
be2b6fc6-77ae-457a-bd14-1cb66b6adc0d,b0590390-bc00-43ac-bbb1-ff8c75c09d62,06:00:00
711e41db-39d1-4d04-a346-db356b4e40a6,f406e675-253c-484d-8c5f-da34ec9eb3b5,06:00:00
1654e2a2-6dc4-496a-bdb4-3cd3a3ca9665,7b305b89-c244-4f50-9597-225b6f627fff,06:00:00
49f0409f-a9f0-41fb-83fe-f46a84997e3e,7b305b89-c244-4f50-9597-225b6f627fff,06:00:00
5de676bb-7502-459e-95c0-227d9b7995a1,486b3117-0204-42ef-92b7-3328d562fa44,13:00:00
62d6b956-4c10-461d-b9c9-54ce0fefdbd5,4434befd-0803-4739-ac6e-ae39615fee7b,07:00:00
6a6c4188-b149-41c3-a26c-9791543052a2,7b305b89-c244-4f50-9597-225b6f627fff,06:00:00
b9cce85b-2ff6-4847-89bc-db8f10d87394,f406e675-253c-484d-8c5f-da34ec9eb3b5,06:00:00
